name,url
Momo Maker,https://swiggy.com/restaurants/momo-maker-central-market-lajpat-nagar-delhi-340739
Moets Kulfi,https://swiggy.com/restaurants/moets-kulfi-market-defence-colony-delhi-29751
Behrouz Biryani - Royal & Safe,https://swiggy.com/restaurants/behrouz-biryani-royal-and-safe-near-metro-station-shakarpur-khas-delhi-15671
Triveni Terrace Cafe,https://swiggy.com/restaurants/triveni-terrace-cafe-opposite-ficci-auditorium-mandi-house-delhi-16902
Momo Guy,https://swiggy.com/restaurants/momo-guy-gtb-nagar-delhi-555422
Saini Juice,https://swiggy.com/restaurants/saini-juice-near-radhe-krishna-mandir-gautam-nagar-delhi-52275
Teavaro,https://swiggy.com/restaurants/teavaro-gtb-nagar-delhi-541670
GANNU'S SHAKES AND SNACKS,https://swiggy.com/restaurants/gannus-shakes-and-snacks-laxmi-nagar-shahdara-delhi-304096
SABHARWAL AUNTY'S KITCHEN,https://swiggy.com/restaurants/sabharwal-auntys-kitchen-ashok-vihar-delhi-368934
PUNIKAR'S Mumbai Street Food,https://swiggy.com/restaurants/punikars-mumbai-street-food-pandav-nagar-mayur-vihar-delhi-154659
Choko La,https://swiggy.com/restaurants/choko-la-defence-colony-kotla-mubarakpur-delhi-426155
The Old Delhi,https://swiggy.com/restaurants/the-old-delhi-lajpat-nagar-defence-colony-delhi-569524
AKU'S - The Brrgrr Co.,https://swiggy.com/restaurants/akus-the-brrgrr-co-south-extension-delhi-435537
Zoet Ice Cream and Desserts,https://swiggy.com/restaurants/zoet-ice-cream-and-desserts-maharani-bagh-defence-colony-delhi-83680
SANADIGE,https://swiggy.com/restaurants/sanadige-chanakyapuri-delhi-257021
Suvidha Vegetarian (Old Delhi Original),https://swiggy.com/restaurants/suvidha-vegetarian-old-delhi-original-daryaganj-delhi-41655
Salad Days,https://swiggy.com/restaurants/salad-days-gole-market-delhi-526516
Caffe Tonino,https://swiggy.com/restaurants/caffe-tonino-pvr-plaza-connaught-place-delhi-14607
Havmor Havfunn ice cream,https://swiggy.com/restaurants/havmor-havfunn-ice-cream-m-block-cp-delhi-400890
Natural Ice Cream,https://swiggy.com/restaurants/natural-ice-cream-l-block-outer-circle-connaught-place-delhi-27797
Kwality Walls Frozen Dessert and Ice Cream Shop,https://swiggy.com/restaurants/kwality-walls-frozen-dessert-and-ice-cream-shop-connaught-place-delhi-332576
Bawarchi (Gujranwala Town),https://swiggy.com/restaurants/bawarchi-gujranwala-town-gujranwala-town-delhi-58554
Downtown Delhi,https://swiggy.com/restaurants/downtown-delhi-laxmi-nagar-delhi-572530
Fabcafe By Fabindia,https://swiggy.com/restaurants/fabcafe-by-fabindia-lajpat-nagar-delhi-111547
Gopal Jee Ki Rasoi,https://swiggy.com/restaurants/gopal-jee-ki-rasoi-kirti-nagar-delhi-387088
Papacream,https://swiggy.com/restaurants/papacream-south-extension-delhi-458342
PAL CORNER,https://swiggy.com/restaurants/pal-corner-south-campus-delhi-559438
Large Pot,https://swiggy.com/restaurants/large-pot-laxmi-nagar-delhi-515990
Chimney Sizzler,https://swiggy.com/restaurants/chimney-sizzler-chankyapuri-chanakyapuri-delhi-12027
NIC Natural Ice Creams,https://swiggy.com/restaurants/nic-natural-ice-creams-bagh-karol-bagh-delhi-169835
Bismillah Kebab Point,https://swiggy.com/restaurants/bismillah-kebab-point-old-delhi-delhi-340434
Jung Bahadur Kachori Wala (Old Delhi Original),https://swiggy.com/restaurants/jung-bahadur-kachori-wala-old-delhi-original-chandni-chowk-delhi-41648
Third Wave Coffee Roasters,https://swiggy.com/restaurants/third-wave-coffee-roasters-connaught-place-delhi-554643
Cinnabon & Auntie Anne's,https://swiggy.com/restaurants/cinnabon-and-auntie-annes-shivaji-stadium-metro-connaught-place-delhi-126906
Theobroma,https://swiggy.com/restaurants/theobroma-connaught-place-delhi-58217
Hotel Saravana Bhavan,https://swiggy.com/restaurants/hotel-saravana-bhavan-janpath-market-connaught-place-delhi-8549
Raja Cafe,https://swiggy.com/restaurants/raja-cafe-laxmi-nagar-krishna-nagar-delhi-222760
Naga Pantry,https://swiggy.com/restaurants/naga-pantry-hauz-khas-delhi-527311
Wichee,https://swiggy.com/restaurants/wichee-gtb-nagar-delhi-541633
Red Chilli,https://swiggy.com/restaurants/red-chilli-safdarjung-enclave-delhi-22328
Saladspoint,https://swiggy.com/restaurants/saladspoint-lajpat-nagar-delhi-402311
Prince kitchen,https://swiggy.com/restaurants/prince-kitchen-lajpat-nagar-delhi-476752
Bihar Central,https://swiggy.com/restaurants/bihar-central-lajpat-nagar-delhi-447341
Ramesh Namkeen Bhandar,https://swiggy.com/restaurants/ramesh-namkeen-bhandar-patel-nagar-kirti-nagar-delhi-117317
For God's Cake,https://swiggy.com/restaurants/for-gods-cake-mayur-vihar-delhi-569839
Moets OH BAO,https://swiggy.com/restaurants/moets-oh-bao-defence-colony-delhi-6086
Miso - The Asian Kitchen,https://swiggy.com/restaurants/miso-the-asian-kitchen-laxmi-nagar-delhi-497901
The waffle co.,https://swiggy.com/restaurants/the-waffle-co-laxmi-nagar-shakarpur-khas-delhi-261514
Slay Coffee,https://swiggy.com/restaurants/slay-coffee-near-metro-station-shakarpur-khas-delhi-207708
Mamagoto,https://swiggy.com/restaurants/mamagoto-khan-market-rabindra-nagar-delhi-15187
Standard Corner,https://swiggy.com/restaurants/standard-corner-rajinder-nagar-delhi-36108
Bhaja Govindam,https://swiggy.com/restaurants/bhaja-govindam-daryaganj-connought-place-delhi-61236
Cheesecake & co.,https://swiggy.com/restaurants/cheesecake-and-co-laxmi-nagar-connaught-place-delhi-467130
FaYian,https://swiggy.com/restaurants/fayian-connaught-place-delhi-8556
Andhra Bhawan Canteen,https://swiggy.com/restaurants/andhra-bhawan-canteen-khan-market-khan-market-connaught-place-delhi-381240
Louis Burger,https://swiggy.com/restaurants/louis-burger-connaught-place-delhi-467579
Bistro 57,https://swiggy.com/restaurants/bistro-57-connaught-place-delhi-71429
Rajasthali,https://swiggy.com/restaurants/rajasthali-middle-circle-connaught-place-delhi-16809
High on desserts,https://swiggy.com/restaurants/high-on-desserts-connaught-place-delhi-463875
Chili's American Grill & Bar,https://swiggy.com/restaurants/chilis-american-grill-and-bar-connaught-place-delhi-31716
Daryaganj - By the inventors of Butter Chicken and Dal Makhani,https://swiggy.com/restaurants/daryaganj-by-the-inventors-of-butter-chicken-and-dal-makhani-connaught-place-delhi-337468
CHINKY'S MOMOS-SHANGHAI FOODS,https://swiggy.com/restaurants/chinkys-momos-shanghai-foods-connaught-place-delhi-344083
Dunkin',https://swiggy.com/restaurants/dunkin-k-g-marg-barakhamba-delhi-19989
Dhaba Food,https://swiggy.com/restaurants/dhaba-food-connaught-place-barakhamba-delhi-53436
CHINKY'S MOMOS-SHANGHAI FOODS,https://swiggy.com/restaurants/chinkys-momos-shanghai-foods-connaught-place-delhi-344083
Dhaba Food,https://swiggy.com/restaurants/dhaba-food-connaught-place-barakhamba-delhi-53436
Dunkin',https://swiggy.com/restaurants/dunkin-k-g-marg-barakhamba-delhi-19989
McDonald's,https://swiggy.com/restaurants/mcdonalds-cp-n-10-connaught-place-delhi-242282
Big Wong,https://swiggy.com/restaurants/big-wong-paschim-vihar-kirti-nagar-delhi-340558
My Hundred Rupee Meal,https://swiggy.com/restaurants/my-hundred-rupee-meal-2-lajpat-nagar-delhi-108505
SHAKE SAHAB,https://swiggy.com/restaurants/shake-sahab-laxmi-nagar-shahdara-delhi-350959
Miami Waffles & Jawbreakers,https://swiggy.com/restaurants/miami-waffles-and-jawbreakers-gtb-nagar-delhi-555451
CHAWLA'S JUNCTION,https://swiggy.com/restaurants/chawlas-junction-laxmi-nagar-krishna-nagar-delhi-320223
Mad Over Donuts,https://swiggy.com/restaurants/mad-over-donuts-jal-vihar-road-lajpat-nagar-delhi-4857
Dum Biryani By Kilos,https://swiggy.com/restaurants/dum-biryani-by-kilos-laxmi-nagar-delhi-482297
Prince Momo Point,https://swiggy.com/restaurants/prince-momo-point-hudson-lane-gtb-nagar-delhi-52294
Zaika Muradabadi Chicken Restaurant,https://swiggy.com/restaurants/zaika-muradabadi-chicken-restaurant-lajpat-nagar-delhi-550950
The Pasta Project,https://swiggy.com/restaurants/the-pasta-project-lajpat-nagar-delhi-403821
Baba's,https://swiggy.com/restaurants/babas-greater-kailash-2-lajpat-nagar-delhi-414526
Oriental Mom,https://swiggy.com/restaurants/oriental-mom-mayur-vihar-patparganj-delhi-213459
Caterspoint,https://swiggy.com/restaurants/caterspoint-lajpat-nagar-delhi-402310
Indian Masala Kitchen,https://swiggy.com/restaurants/indian-masala-kitchen-south-extension-defence-colony-delhi-386459
Fat Wrap Fat Roll,https://swiggy.com/restaurants/fat-wrap-fat-roll-lajpat-nagar-delhi-441826
The Salt Cafe Kitchen & Bar,https://swiggy.com/restaurants/the-salt-cafe-kitchen-and-bar-preet-vihar-nirman-vihar-delhi-16443
Greenit,https://swiggy.com/restaurants/greenit-south-extension-delhi-532321
Moolchand Paratha (Moolchand Metro),https://swiggy.com/restaurants/moolchand-paratha-moolchand-metro-moolchand-meetro-station-lajpat-nagar-delhi-15449
Concept,https://swiggy.com/restaurants/concept-lajpat-nagar-delhi-156772
Onlinecake.in,https://swiggy.com/restaurants/onlinecake-in-laxmi-nagar-delhi-438728
Hishi Cafe,https://swiggy.com/restaurants/hishi-cafe-jangpura-delhi-54527
Delhi Biryani Hut,https://swiggy.com/restaurants/delhi-biryani-hut-lajpat-nagar-double-storey-delhi-232467
Sushiya,https://swiggy.com/restaurants/sushiya-laxmi-nagar-delhi-34882
Chanakya Bar Be Que,https://swiggy.com/restaurants/chanakya-bar-be-que-south-campus-chanakyapuri-delhi-346200
The cakewell Bakery,https://swiggy.com/restaurants/the-cakewell-bakery-pillar-57-laxmi-nagar-delhi-44055
The Good Bowl,https://swiggy.com/restaurants/the-good-bowl-laxmi-nagar-shakarpur-khas-delhi-157799
If Pizza,https://swiggy.com/restaurants/if-pizza-ganesh-nagar-pandav-nagar-delhi-140916
Keventers - Milkshakes and Desserts,https://swiggy.com/restaurants/keventers-milkshakes-and-desserts-east-patel-nagar-delhi-241468
Subking,https://swiggy.com/restaurants/subking-rajinder-nagar-old-rajinder-nagar-rajinder-nagar-delhi-201862
L' Opera,https://swiggy.com/restaurants/l-opera-khan-market-delhi-395476
Camdin Patisserie and Boulangerie,https://swiggy.com/restaurants/camdin-patisserie-and-boulangerie-rajinder-place-old-rajinder-nagar-rajinder-nagar-delhi-30075
Yum Yum Cha,https://swiggy.com/restaurants/yum-yum-cha-khan-market-rabindra-nagar-delhi-288788
Mehtas (Old Delhi Original),https://swiggy.com/restaurants/mehtas-old-delhi-original-daryaganj-delhi-56166
Giani's,https://swiggy.com/restaurants/gianis-market-pandara-road-delhi-52745
Shakahari Restaurant (Chawri Bazaar),https://swiggy.com/restaurants/shakahari-restaurant-chawri-bazaar-chawri-bazar-metro-station-chandni-chowk-delhi-41345
BITTU KI BIRYANI,https://swiggy.com/restaurants/bittu-ki-biryani-karol-bagh-delhi-552273
Bangla Sweet House,https://swiggy.com/restaurants/bangla-sweet-house-gole-market-delhi-23260
Kaleva,https://swiggy.com/restaurants/kaleva-gole-market-connaught-place-delhi-delhi-44033
Cream Stone Ice Cream,https://swiggy.com/restaurants/cream-stone-ice-cream-paschim-vihar-barakhamba-delhi-226473
Ghee and Turmeric,https://swiggy.com/restaurants/ghee-and-turmeric-connaught-place-2-m-block-delhi-433575
Barista,https://swiggy.com/restaurants/barista-regal-cinema-building-connaught-place-delhi-21301
Gulati (Pandara Road),https://swiggy.com/restaurants/gulati-pandara-road-khan-market-pandara-road-delhi-31754
Khan Chacha,https://swiggy.com/restaurants/khan-chacha-cp-d-block-connaught-place-delhi-14951
Haldiram's,https://swiggy.com/restaurants/haldirams-connaught-place-delhi-367763
Radhey Shyam Subhash Kumar Special Chole Bhature,https://swiggy.com/restaurants/radhey-shyam-subhash-kumar-special-chole-bhature-paharganj-ratan-lal-market-paharganj-delhi-37524
Burger King,https://swiggy.com/restaurants/burger-king-inner-circle-connaught-place-delhi-8614
Refections,https://swiggy.com/restaurants/refections-gautam-nagar-delhi-52383
SHRI HARI VEGETARIAN RESTAURANT,https://swiggy.com/restaurants/shri-hari-vegetarian-restaurant-lajpat-nagar-delhi-255223
Punjab Grill - Urban Punjabi Dhaba,https://swiggy.com/restaurants/punjab-grill-urban-punjabi-dhaba-bhikaji-cama-place-rama-krishna-puram-delhi-334235
Indian Culinaire ,https://swiggy.com/restaurants/indian-culinaire-bhikaji-cama-place-rama-krishna-puram-delhi-334609
Homefood Company,https://swiggy.com/restaurants/homefood-company-block-o-ii-lajpat-nagar-delhi-48647
TukTuk - Asian on Wheels,https://swiggy.com/restaurants/tuktuk-asian-on-wheels-south-extension-south-extension-ii-delhi-220238
Juicy Lucy Burgers,https://swiggy.com/restaurants/juicy-lucy-burgers-kirti-nagar-delhi-424197
Oh! Pind,https://swiggy.com/restaurants/oh-pind-gtb-nagar-delhi-465198
Indus Flavour,https://swiggy.com/restaurants/indus-flavour-gtb-nagar-g-t-karnal-road-delhi-207081
Xero degrees,https://swiggy.com/restaurants/xero-degrees-gtb-nagar-vijay-nagar-delhi-213516
Flavours by ITC Hotels,https://swiggy.com/restaurants/flavours-by-itc-hotels-south-campus-chanakyapuri-delhi-284153
Kulfi Bistro (Box Of Delights),https://swiggy.com/restaurants/kulfi-bistro-box-of-delights-lajpat-nagar-hauz-khas-delhi-470823
Bistro Shakes 97,https://swiggy.com/restaurants/bistro-shakes-97-vijay-nagar-kalyan-vihar-delhi-186784
Cake Palace,https://swiggy.com/restaurants/cake-palace-south-extension-2-delhi-20496
Bistro Shakes 97,https://swiggy.com/restaurants/bistro-shakes-97-vijay-nagar-kalyan-vihar-delhi-186784
Cake Palace,https://swiggy.com/restaurants/cake-palace-south-extension-2-delhi-20496
"Classic Juice,Shakes & Mocktails",https://swiggy.com/restaurants/classic-juice-shakes-and-mocktails-vijay-nagar-kalyan-vihar-delhi-155976
Mazaar Restaurant,https://swiggy.com/restaurants/mazaar-restaurant-lajpat-nagar-delhi-534650
Shagun,https://swiggy.com/restaurants/shagun-vijay-nagar-hudson-lane-delhi-30705
Food Bus of India,https://swiggy.com/restaurants/food-bus-of-india-gtb-nagar-delhi-493700
Bengal Sweet Corner,https://swiggy.com/restaurants/bengal-sweet-corner-safdarjung-enclave-delhi-17085
Hong Kong Express,https://swiggy.com/restaurants/hong-kong-express-dda-market-lajpat-nagar-delhi-11803
Parantha On Call,https://swiggy.com/restaurants/parantha-on-call-laxmi-nagar-delhi-34206
The Spicy No.1,https://swiggy.com/restaurants/the-spicy-no-1-west-patel-nagar-delhi-526151
Bombay Bhelpuri,https://swiggy.com/restaurants/bombay-bhelpuri-south-extension-south-extension-i-delhi-5671
Relax Restaurant,https://swiggy.com/restaurants/relax-restaurant-market-lajpat-nagar-delhi-11814
MoonMoon - Juicy Crustwiches,https://swiggy.com/restaurants/moonmoon-juicy-crustwiches-lajpat-nagar-delhi-371897
GUPTA'S VEGETARIAN PARADISE,https://swiggy.com/restaurants/guptas-vegetarian-paradise-south-extension-delhi-387833
Raju Chat Bhandar (bharat nagar),https://swiggy.com/restaurants/raju-chat-bhandar-bharat-nagar-ashok-vihar-delhi-544112
AZUKI - Soulful Asian Experience,https://swiggy.com/restaurants/azuki-soulful-asian-experience-south-extension-delhi-433479
Badmash Biryani,https://swiggy.com/restaurants/badmash-biryani-south-extension-delhi-451888
Mr Crust Bakers,https://swiggy.com/restaurants/mr-crust-bakers-gtb-nagar-vijay-nagar-delhi-7606
Shack Foods,https://swiggy.com/restaurants/shack-foods-kotla-mubarakpur-south-extension-i-delhi-24944
Rolls Mania,https://swiggy.com/restaurants/rolls-mania-laxmi-nagar-delhi-564923
Bengali Sweet Center,https://swiggy.com/restaurants/bengali-sweet-center-south-extension-south-extension-i-delhi-9412
Nagpal Di Hatti (Gandhi Nagar),https://swiggy.com/restaurants/nagpal-di-hatti-gandhi-nagar-geeta-colony-delhi-98352
Artiste Handcrafted Ice Cream,https://swiggy.com/restaurants/artiste-handcrafted-ice-cream-lajpat-nagar-delhi-427034
ANNA DOSA SOUTH INDIAN,https://swiggy.com/restaurants/anna-dosa-south-indian-lajpat-nagar-delhi-321237
Moets Curry Leaf,https://swiggy.com/restaurants/moets-curry-leaf-defence-colony-delhi-5999
Mehfil,https://swiggy.com/restaurants/mehfil-defence-colony-south-extension-i-delhi-20141
Defence Bakery,https://swiggy.com/restaurants/defence-bakery-defence-colony-delhi-457482
Matka Cha Do Rusk by Cha Pata Tea,https://swiggy.com/restaurants/matka-cha-do-rusk-by-cha-pata-tea-laxmi-nagar-delhi-510384
SRI BALAJI ANNA DOSA,https://swiggy.com/restaurants/sri-balaji-anna-dosa-lajpat-nagar-delhi-550955
The Brooklyn Creamery - Healthy Ice Cream,https://swiggy.com/restaurants/the-brooklyn-creamery-healthy-ice-cream-laxmi-nagar-shakarpur-khas-delhi-367660
Rollz Karvaan,https://swiggy.com/restaurants/rollz-karvaan-malviya-nagar-preet-vihar-delhi-526313
PRIYANSHI SOUTH INDIAN FAST FOODPOINT,https://swiggy.com/restaurants/priyanshi-south-indian-fast-foodpoint-laxmi-nagar-delhi-361928
Nufeast,https://swiggy.com/restaurants/nufeast-karol-bagh-rajinder-nagar-delhi-341588
New Om Snacks,https://swiggy.com/restaurants/new-om-snacks-karol-bagh-krishna-nagar-karol-bagh-delhi-44988
Flavour Of Southvala Pvt Ltd,https://swiggy.com/restaurants/flavour-of-southvala-pvt-ltd-padam-singh-road-karol-bagh-delhi-177752
Grover Mithaivala (Rajinder Nagar),https://swiggy.com/restaurants/grover-mithaivala-rajinder-nagar-karol-bagh-delhi-391413
Amma Mess,https://swiggy.com/restaurants/amma-mess-karol-bagh-delhi-81523
Ichiban,https://swiggy.com/restaurants/ichiban-market-pandara-road-delhi-14595
Annakoot by ISKCON Bangalore,https://swiggy.com/restaurants/annakoot-by-iskcon-bangalore-connaught-place-mandi-house-delhi-324401
Great Indian Khichdi by EatFit,https://swiggy.com/restaurants/great-indian-khichdi-by-eatfit-chuna-mandi-paharganj-gole-market-delhi-258198
Naivedyam,https://swiggy.com/restaurants/naivedyam-connaught-place-delhi-335116
Minar Restaurant,https://swiggy.com/restaurants/minar-restaurant-connaught-place-delhi-8907
Bijoli Grill,https://swiggy.com/restaurants/bijoli-grill-banga-bhawan-mandi-house-delhi-15692
Royal restaurant,https://swiggy.com/restaurants/royal-restaurant-cp-barakhamba-delhi-9830
Chai Point,https://swiggy.com/restaurants/chai-point-connaught-place-delhi-218676
Andhra Canteen,https://swiggy.com/restaurants/andhra-canteen-khan-market-connaught-place-delhi-466732
Baskin Robbins,https://swiggy.com/restaurants/baskin-robbins-l-12-connaught-place-delhi-438612
Mughlai Junction,https://swiggy.com/restaurants/mughlai-junction-connaught-place-delhi-8561
Sandoz ,https://swiggy.com/restaurants/sandoz-connaught-place-delhi-292513
Burger Singh (Big Punjabi Burgers),https://swiggy.com/restaurants/burger-singh-big-punjabi-burgers-outer-circle-connaught-place-delhi-8628
Chaayos Chai+Snacks=Relax,https://swiggy.com/restaurants/chaayos-chai-snacks-relax-chaayos-c-p-f-block-connaught-place-delhi-90566
Taco Bell,https://swiggy.com/restaurants/taco-bell-connaught-circus-outer-circle-connaught-place-delhi-169244
Creme N Crisp,https://swiggy.com/restaurants/creme-n-crisp-gole-market-delhi-15607
Biryani By Kilo,https://swiggy.com/restaurants/biryani-by-kilo-n-block-connaught-place-delhi-51510
Hira Sweets,https://swiggy.com/restaurants/hira-sweets-connaught-place-delhi-60643
Bercos - If you love chinese,https://swiggy.com/restaurants/bercos-if-you-love-chinese-middle-circle-connaught-place-delhi-8564
Biryani Blues,https://swiggy.com/restaurants/biryani-blues-scindia-house-connaught-place-delhi-8620
Momos House,https://swiggy.com/restaurants/momos-house-gautam-nagar-delhi-58205
Vermaji Parathe Wale,https://swiggy.com/restaurants/vermaji-parathe-wale-gautam-nagar-yusuf-sarai-delhi-181735
Breakfast Point,https://swiggy.com/restaurants/breakfast-point-bhagat-singh-road-krishna-nagar-delhi-26405
Chinese Daily,https://swiggy.com/restaurants/chinese-daily-kirti-nagar-kirti-nagar-industrial-area-kirti-nagar-delhi-344023
Doner & Gyros,https://swiggy.com/restaurants/doner-and-gyros-gtb-nagar-delhi-405175
Tikka Fatory,https://swiggy.com/restaurants/tikka-fatory-laxmi-nagar-delhi-502553
Waffle Nation,https://swiggy.com/restaurants/waffle-nation-gtb-nagar-vijay-nagar-delhi-46856
Super Snacks ,https://swiggy.com/restaurants/super-snacks-laxmi-nagar-ghondi-chowk-delhi-330179
Radhe Krishna Chole Bhature,https://swiggy.com/restaurants/radhe-krishna-chole-bhature-geeta-colony-krishna-nagar-delhi-233840
Sialkot Vegetarian(Pyare Lal),https://swiggy.com/restaurants/sialkot-vegetarian-pyare-lal-geeta-colony-delhi-58107
Bite N Sip,https://swiggy.com/restaurants/bite-n-sip-bhikaji-cama-rama-krishna-puram-delhi-121754
Fitchef,https://swiggy.com/restaurants/fitchef-mangal-bazaar-updated-delhi-71430
Vip RDX Resto & Bar,https://swiggy.com/restaurants/vip-rdx-resto-and-bar-hauz-khas-safdarjung-enclave-delhi-231505
JAIN DHABA,https://swiggy.com/restaurants/jain-dhaba-laxmi-nagar-shahdara-delhi-351751
Wicked Waffles,https://swiggy.com/restaurants/wicked-waffles-preet-vihar-delhi-49888
Gupta's Restaurant,https://swiggy.com/restaurants/guptas-restaurant-south-extension-2-south-extension-ii-delhi-52521
Pasta Unplugged,https://swiggy.com/restaurants/pasta-unplugged-lajpat-nagar-delhi-403828
Chinese Hawker,https://swiggy.com/restaurants/chinese-hawker-mayur-vihar-patparganj-delhi-290202
Arabian Delites,https://swiggy.com/restaurants/arabian-delites-defence-colony-delhi-4705
Qureshi's Kabab Corner,https://swiggy.com/restaurants/qureshis-kabab-corner-defence-colony-lajpat-nagar-delhi-26779
NYC.PIE ,https://swiggy.com/restaurants/nyc-pie-new-lajpat-nagar-delhi-328586
Biryani Hazir ho,https://swiggy.com/restaurants/biryani-hazir-ho-south-extension-delhi-451885
Shivani Food House,https://swiggy.com/restaurants/shivani-food-house-kotla-mubarakpur-delhi-477069
NAGPAL HAVELI BLD,https://swiggy.com/restaurants/nagpal-haveli-bld-lajpat-nagar-delhi-448620
7th Heaven,https://swiggy.com/restaurants/7th-heaven-mayur-vihar-delhi-418253
Firangi Bake,https://swiggy.com/restaurants/firangi-bake-kotla-mubarak-pur-south-extension-i-delhi-45893
Sweet Truth - Cake and Desserts,https://swiggy.com/restaurants/sweet-truth-cake-and-desserts-kotla-mubarak-pur-south-extension-i-delhi-45894
Amici Cafe,https://swiggy.com/restaurants/amici-cafe-south-extension-defence-colony-delhi-39492
28 Capri Italy,https://swiggy.com/restaurants/28-capri-italy-lajpat-nagar-defence-colony-delhi-6283
Love & Cheesecake,https://swiggy.com/restaurants/love-and-cheesecake-south-extension-defence-colony-delhi-496117
Maddi sweet center,https://swiggy.com/restaurants/maddi-sweet-center-hauz-khas-south-extenison-delhi-467279
Mehta Food Junction,https://swiggy.com/restaurants/mehta-food-junction-laxmi-nagar-shakarpur-khas-delhi-55106
Beliram Degchiwala (Jangpura),https://swiggy.com/restaurants/beliram-degchiwala-jangpura-jangpura-jungpura-extension-delhi-15330
Urban Vada Pav,https://swiggy.com/restaurants/urban-vada-pav-laxmi-nagar-shakarpur-khas-delhi-322460
Fujiya,https://swiggy.com/restaurants/fujiya-malcha-marg-chanakyapuri-delhi-52518
LunchBox - Meals and Thalis,https://swiggy.com/restaurants/lunchbox-meals-and-thalis-rajdner-place-rajendra-place-delhi-79321
Qd's,https://swiggy.com/restaurants/qds-karol-bagh-krishna-nagar-karol-bagh-delhi-158180
South Indian Cafe,https://swiggy.com/restaurants/south-indian-cafe-rajinder-nagar-new-rajinder-nagar-delhi-46869
Aunty's Paranthe,https://swiggy.com/restaurants/auntys-paranthe-karol-bagh-delhi-112346
Nagpal Chole Bhature,https://swiggy.com/restaurants/nagpal-chole-bhature-karol-bagh-delhi-444609
New Tera Hotel,https://swiggy.com/restaurants/new-tera-hotel-ghaffar-market-arya-samaj-road-karol-bagh-delhi-25686
Changezi Chicken (Daryaganj),https://swiggy.com/restaurants/changezi-chicken-daryaganj-daryaganj-delhi-46599
Roshan Di Kulfi,https://swiggy.com/restaurants/roshan-di-kulfi-karol-bagh-beadonpura-karol-bagh-delhi-9917
Zaika (Daryaganj),https://swiggy.com/restaurants/zaika-daryaganj-daryaganj-delhi-41739
Havemore Restaurant ,https://swiggy.com/restaurants/havemore-restaurant-khan-market-india-gate-delhi-8406
Bikanervala Chandni Chowk,https://swiggy.com/restaurants/bikanervala-chandni-chowk-old-delhi-delhi-395433
Akash Deep,https://swiggy.com/restaurants/akash-deep-daryaganj-delhi-54774
Bangla sweet n spice,https://swiggy.com/restaurants/bangla-sweet-n-spice-connaught-place-gole-market-delhi-143021
Nathu's PastryShop,https://swiggy.com/restaurants/nathus-pastryshop-bengali-market-mandi-house-delhi-40802
Odeon Sweets,https://swiggy.com/restaurants/odeon-sweets-gole-market-connaught-place-delhi-24246
Nizam's Kathi Kabab,https://swiggy.com/restaurants/nizams-kathi-kabab-connaught-place-delhi-55833
Cafe Delhi Heights,https://swiggy.com/restaurants/cafe-delhi-heights-cannaught-place-connaught-place-delhi-66837
Bangla Foods,https://swiggy.com/restaurants/bangla-foods-gole-market-delhi-22917
Nando's,https://swiggy.com/restaurants/nandos-opp-rajiv-chowk-metro-station-connaught-place-delhi-17463
Domino's Pizza,https://swiggy.com/restaurants/dominos-pizza-connaught-circle-connaught-place-delhi-24207
Cafe Delhi Heights,https://swiggy.com/restaurants/cafe-delhi-heights-cannaught-place-connaught-place-delhi-66837
Bangla Foods,https://swiggy.com/restaurants/bangla-foods-gole-market-delhi-22917
Nando's,https://swiggy.com/restaurants/nandos-opp-rajiv-chowk-metro-station-connaught-place-delhi-17463
Domino's Pizza,https://swiggy.com/restaurants/dominos-pizza-connaught-circle-connaught-place-delhi-24207
Pind Balluchi (CP),https://swiggy.com/restaurants/pind-balluchi-cp-hanuman-road-area-connaught-place-delhi-12716
Sita Ram Diwan Chand,https://swiggy.com/restaurants/sita-ram-diwan-chand-chuna-mandi-paharganj-delhi-29776
Maalgaadi by Dhaba Estd 1986 Delhi,https://swiggy.com/restaurants/maalgaadi-by-dhaba-estd-1986-delhi-connaught-place-delhi-305529
MOMO SHOMO,https://swiggy.com/restaurants/momo-shomo-gtb-nagar-hudson-lane-delhi-372570
Think Asia by Hudson Chopsticks,https://swiggy.com/restaurants/think-asia-by-hudson-chopsticks-gtb-nagar-mukherjee-nagar-delhi-143728
Hudson Chopsticks,https://swiggy.com/restaurants/hudson-chopsticks-gate-no-3-gtb-metro-gtb-nagar-delhi-20019
MBA CHAI WALA,https://swiggy.com/restaurants/mba-chai-wala-lajpat-nagar-delhi-558508
Food of Dreams,https://swiggy.com/restaurants/food-of-dreams-ashok-vihar-delhi-346575
The Village cafe,https://swiggy.com/restaurants/the-village-cafe-chander-nagar-krishna-nagar-delhi-34941
Burgrill - The Win Win Burger,https://swiggy.com/restaurants/burgrill-the-win-win-burger-gtb-nagar-hudson-lane-delhi-206300
High On Burgers,https://swiggy.com/restaurants/high-on-burgers-satyaniketan-moti-bagh-delhi-3945
Cafeteria & Co.,https://swiggy.com/restaurants/cafeteria-and-co-south-campus-south-moti-bagh-delhi-20631
Punjabi Angithi,https://swiggy.com/restaurants/punjabi-angithi-ashok-vihar-delhi-326429
PASRICHA'S DOSA JUNCTION,https://swiggy.com/restaurants/pasrichas-dosa-junction-ina-market-ina-colony-delhi-20156
IMLY,https://swiggy.com/restaurants/imly-preet-vihar-delhi-524205
Vir Ji Malai Chaap Wale,https://swiggy.com/restaurants/vir-ji-malai-chaap-wale-greater-kailash-2-lajpat-nagar-delhi-405160
BOX8 - Desi Meals,https://swiggy.com/restaurants/box8-desi-meals-laxmi-nagar-delhi-425373
MBA in Khichdi,https://swiggy.com/restaurants/mba-in-khichdi-south-extension-delhi-505524
The Almighty Biryani,https://swiggy.com/restaurants/the-almighty-biryani-south-extension-delhi-509011
Punikar Vadapav Centre,https://swiggy.com/restaurants/punikar-vadapav-centre-pandav-nagar-mayur-vihar-delhi-135205
49 Rolls,https://swiggy.com/restaurants/49-rolls-ganesh-nagar-2-extn-shakarpur-mayur-vihar-delhi-390023
No. 1 Uncles Parantha,https://swiggy.com/restaurants/no-1-uncles-parantha-south-ex-1-south-extension-i-delhi-58739
Jhakkas Bombay Pav Bhaji,https://swiggy.com/restaurants/jhakkas-bombay-pav-bhaji-lajpat-nagar-delhi-57800
Kutty's South Indian Cafe,https://swiggy.com/restaurants/kuttys-south-indian-cafe-preet-vihar-swasthya-vihar-delhi-15645
Wah Ji Wah,https://swiggy.com/restaurants/wah-ji-wah-v3s-mall-swasthya-vihar-delhi-10990
Tandoori Manzil,https://swiggy.com/restaurants/tandoori-manzil-ganesh-nagar-mayur-vihar-delhi-17252
Aggarwal Sweet India,https://swiggy.com/restaurants/aggarwal-sweet-india-pandav-nagar-patparganj-delhi-201915
Red Chilli Chinese,https://swiggy.com/restaurants/red-chilli-chinese-west-guru-angad-nagar-laxmi-nagar-delhi-148875
Wah Ji Wah,https://swiggy.com/restaurants/wah-ji-wah-v3s-mall-swasthya-vihar-delhi-10990
Tandoori Manzil,https://swiggy.com/restaurants/tandoori-manzil-ganesh-nagar-mayur-vihar-delhi-17252
Aggarwal Sweet India,https://swiggy.com/restaurants/aggarwal-sweet-india-pandav-nagar-patparganj-delhi-201915
Red Chilli Chinese,https://swiggy.com/restaurants/red-chilli-chinese-west-guru-angad-nagar-laxmi-nagar-delhi-148875
Parantha Express,https://swiggy.com/restaurants/parantha-express-malviya-nagar-mayur-vihar-delhi-409757
Murthal No.1 Parantha,https://swiggy.com/restaurants/murthal-no-1-parantha-malviya-nagar-mayur-vihar-delhi-410374
Gupta ji chole bhature,https://swiggy.com/restaurants/gupta-ji-chole-bhature-laxmi-nagar-shakarpur-khas-delhi-194768
China Hut,https://swiggy.com/restaurants/china-hut-jangpura-jungpura-extension-delhi-20665
"Kebabi Karvaan - Kebabs, Curries & Biryanis",https://swiggy.com/restaurants/kebabi-karvaan-kebabs-curries-and-biryanis-preet-vihar-east-laxmi-nagar-delhi-508014
South Indian Anna Madras Cafe,https://swiggy.com/restaurants/south-indian-anna-madras-cafe-near-mother-dairy-patparganj-delhi-167180
The Biryani Life,https://swiggy.com/restaurants/the-biryani-life-near-metro-station-shakarpur-khas-delhi-186204
Faasos - Wraps & Rolls,https://swiggy.com/restaurants/faasos-wraps-and-rolls-rajdner-place-rajendra-place-delhi-79296
Art of Spices,https://swiggy.com/restaurants/art-of-spices-pusa-road-north-extension-area-rajinder-nagar-delhi-25658
Kaarobaar: The Modern-Desi Bistro,https://swiggy.com/restaurants/kaarobaar-the-modern-desi-bistro-karol-bagh-rajinder-nagar-delhi-162874
The Yellow Bowl,https://swiggy.com/restaurants/the-yellow-bowl-old-delhi-delhi-396278
M Gopinath,https://swiggy.com/restaurants/m-gopinath-karol-bagh-old-rajinder-nagar-rajinder-nagar-delhi-68693
China Hut,https://swiggy.com/restaurants/china-hut-jangpura-jungpura-extension-delhi-20665
"Kebabi Karvaan - Kebabs, Curries & Biryanis",https://swiggy.com/restaurants/kebabi-karvaan-kebabs-curries-and-biryanis-preet-vihar-east-laxmi-nagar-delhi-508014
South Indian Anna Madras Cafe,https://swiggy.com/restaurants/south-indian-anna-madras-cafe-near-mother-dairy-patparganj-delhi-167180
The Biryani Life,https://swiggy.com/restaurants/the-biryani-life-near-metro-station-shakarpur-khas-delhi-186204
Faasos - Wraps & Rolls,https://swiggy.com/restaurants/faasos-wraps-and-rolls-rajdner-place-rajendra-place-delhi-79296
Art of Spices,https://swiggy.com/restaurants/art-of-spices-pusa-road-north-extension-area-rajinder-nagar-delhi-25658
Kaarobaar: The Modern-Desi Bistro,https://swiggy.com/restaurants/kaarobaar-the-modern-desi-bistro-karol-bagh-rajinder-nagar-delhi-162874
The Yellow Bowl,https://swiggy.com/restaurants/the-yellow-bowl-old-delhi-delhi-396278
M Gopinath,https://swiggy.com/restaurants/m-gopinath-karol-bagh-old-rajinder-nagar-rajinder-nagar-delhi-68693
Veg Gulati (Pandara Road),https://swiggy.com/restaurants/veg-gulati-pandara-road-khan-market-pandara-road-delhi-31758
GetAWhey - Healthy Ice creams.,https://swiggy.com/restaurants/getawhey-healthy-ice-creams-connaught-place-delhi-405571
Shree Guru Vashishth,https://swiggy.com/restaurants/shree-guru-vashishth-karol-bagh-delhi-482323
Kashmir Sweet Shop,https://swiggy.com/restaurants/kashmir-sweet-shop-paharganj-delhi-37522
Maa Bhagwati,https://swiggy.com/restaurants/maa-bhagwati-paharganj-delhi-61539
Home Plate by EatFit,https://swiggy.com/restaurants/home-plate-by-eatfit-chuna-mandi-paharganj-gole-market-delhi-279866
EatFit,https://swiggy.com/restaurants/eatfit-laxmi-narain-street-karol-bagh-delhi-443497
Barbeque Nation,https://swiggy.com/restaurants/barbeque-nation-munshi-lal-building-connaught-place-delhi-302684
Depaul's,https://swiggy.com/restaurants/depauls-connaught-place-delhi-135497
Rajdhani,https://swiggy.com/restaurants/rajdhani-scindia-house-connaught-place-delhi-8631
Biryani Badshah,https://swiggy.com/restaurants/biryani-badshah-baba-kharak-singh-rd-connaught-place-delhi-114839
Starbucks Coffee,https://swiggy.com/restaurants/starbucks-coffee-hamilton-house-connaught-place-delhi-69464
Bikkgane Biryani,https://swiggy.com/restaurants/bikkgane-biryani-opposite-pvr-rivoli-connaught-place-delhi-8619
The 2nd Wife,https://swiggy.com/restaurants/the-2nd-wife-shahdara-krishna-nagar-delhi-103922
Rolls King,https://swiggy.com/restaurants/rolls-king-gtb-nagar-delhi-569414
Bhalla King,https://swiggy.com/restaurants/bhalla-king-lajpat-nagar-delhi-84163
Puran Dhaba,https://swiggy.com/restaurants/puran-dhaba-ashok-vihar-delhi-318320
Begum Jaan by Hudson ,https://swiggy.com/restaurants/begum-jaan-by-hudson-gtb-nagar-delhi-431441
Asia Bowl Co.,https://swiggy.com/restaurants/asia-bowl-co-gtb-nagar-delhi-371340
Punjabi Tikka Junction,https://swiggy.com/restaurants/punjabi-tikka-junction-laxmi-nagar-geeta-colony-delhi-371290
Chinese Veg Crunch,https://swiggy.com/restaurants/chinese-veg-crunch-ashok-vihar-delhi-343559
Shyam Chaat Bhandar,https://swiggy.com/restaurants/shyam-chaat-bhandar-vijay-nagar-delhi-49970
KC restaurant,https://swiggy.com/restaurants/kc-restaurant-south-campus-moti-bagh-delhi-312289
Grameen Kulfi,https://swiggy.com/restaurants/grameen-kulfi-shakarpur-shakarpur-khas-delhi-355354
Rollsking,https://swiggy.com/restaurants/rollsking-flyover-market-defence-colony-lajpat-nagar-delhi-345823
Hot N Cool,https://swiggy.com/restaurants/hot-n-cool-laxmi-nagar-delhi-489979
Bobby Tikki Wala,https://swiggy.com/restaurants/bobby-tikki-wala-laxmi-nagar-delhi-40337
Apni Rasoi,https://swiggy.com/restaurants/apni-rasoi-pandav-nagar-patparganj-delhi-32347
Wrapss Kathi Rolls,https://swiggy.com/restaurants/wrapss-kathi-rolls-north-extension-area-rajinder-nagar-karol-bagh-delhi-12369
Nandlal Ka Dhaba,https://swiggy.com/restaurants/nandlal-ka-dhaba-daryaganj-delhi-46867
Lazeez Kebab & Curries,https://swiggy.com/restaurants/lazeez-kebab-and-curries-old-rajender-nagar-old-rajinder-nagar-rajinder-nagar-delhi-92029
Arya Bhavan,https://swiggy.com/restaurants/arya-bhavan-karol-bagh-delhi-94172
Al Yamin,https://swiggy.com/restaurants/al-yamin-old-jama-masjid-old-delhi-delhi-140521
Sachdeva's  Multi Cuisine Joint,https://swiggy.com/restaurants/sachdevas-multi-cuisine-joint-mirdad-road-barakhamba-delhi-14445
Tadka 4986,https://swiggy.com/restaurants/tadka-4986-nehru-bazaar-paharganj-delhi-29777
Wow! Momo,https://swiggy.com/restaurants/wow-momo-new-railway-station-connaught-place-delhi-365634
Lazeez Affaire,https://swiggy.com/restaurants/lazeez-affaire-connaught-place-delhi-34475
Rooh Burger Cafe,https://swiggy.com/restaurants/rooh-burger-cafe-connaught-place-delhi-39209
Bhape Da Hotel,https://swiggy.com/restaurants/bhape-da-hotel-connaught-place-barakhamba-delhi-8638
Lazeez Kebab & Curries,https://swiggy.com/restaurants/lazeez-kebab-and-curries-old-rajender-nagar-old-rajinder-nagar-rajinder-nagar-delhi-92029
Arya Bhavan,https://swiggy.com/restaurants/arya-bhavan-karol-bagh-delhi-94172
Al Yamin,https://swiggy.com/restaurants/al-yamin-old-jama-masjid-old-delhi-delhi-140521
Sachdeva's  Multi Cuisine Joint,https://swiggy.com/restaurants/sachdevas-multi-cuisine-joint-mirdad-road-barakhamba-delhi-14445
Tadka 4986,https://swiggy.com/restaurants/tadka-4986-nehru-bazaar-paharganj-delhi-29777
Wow! Momo,https://swiggy.com/restaurants/wow-momo-new-railway-station-connaught-place-delhi-365634
Lazeez Affaire,https://swiggy.com/restaurants/lazeez-affaire-connaught-place-delhi-34475
Rooh Burger Cafe,https://swiggy.com/restaurants/rooh-burger-cafe-connaught-place-delhi-39209
Bhape Da Hotel,https://swiggy.com/restaurants/bhape-da-hotel-connaught-place-barakhamba-delhi-8638
Embassy,https://swiggy.com/restaurants/embassy-connaught-place-delhi-9086
Handi Chhadeyan Di (Since 2012),https://swiggy.com/restaurants/handi-chhadeyan-di-since-2012-connaught-place-cannaught-place-delhi-14586
Nazeer Foods,https://swiggy.com/restaurants/nazeer-foods-cannaught-place-connaught-place-delhi-56773
Sagar Ratna,https://swiggy.com/restaurants/sagar-ratna-outer-circle-connaught-place-delhi-8621
Bikanervala,https://swiggy.com/restaurants/bikanervala-connaught-place-delhi-40414
KFC,https://swiggy.com/restaurants/kfc-connaught-place-delhi-152971
Jain Chawal Wale,https://swiggy.com/restaurants/jain-chawal-wale-connaught-place-delhi-557536
Paranthe Wali Gali,https://swiggy.com/restaurants/paranthe-wali-gali-hauz-khas-south-campus-delhi-453650
The Hudson cafe,https://swiggy.com/restaurants/the-hudson-cafe-hudson-lane-gtb-nagar-delhi-17078
BATRA'S TANDOORI NIGHT,https://swiggy.com/restaurants/batras-tandoori-night-laxmi-nagar-geeta-colony-delhi-338382
Big Yellow Door,https://swiggy.com/restaurants/big-yellow-door-2nd-floor-hudson-lane-delhi-38412
The Yellow Bowl ,https://swiggy.com/restaurants/the-yellow-bowl-patparganj-rd-krishna-nagar-geeta-colony-delhi-141957
Pind Balluchi,https://swiggy.com/restaurants/pind-balluchi-central-market-lajpat-nagar-delhi-12756
Sanjay Chur Chur Naan,https://swiggy.com/restaurants/sanjay-chur-chur-naan-moolchand-meetro-station-lajpat-nagar-delhi-15448
HANDI BIRYANI JUNCTION,https://swiggy.com/restaurants/handi-biryani-junction-gtb-nagar-vijay-nagar-delhi-348760
The Belgian Waffle Co.,https://swiggy.com/restaurants/the-belgian-waffle-co-hudson-lane-gtb-nagar-delhi-411287
Cafe lucid,https://swiggy.com/restaurants/cafe-lucid-gtb-nagar-vijay-nagar-delhi-303820
Cake Crush,https://swiggy.com/restaurants/cake-crush-cc-colony-kalyan-vihar-delhi-345745
Bombay canteen,https://swiggy.com/restaurants/bombay-canteen-lajpat-nagar-delhi-459706
NH1 Bowls - Highway To North,https://swiggy.com/restaurants/nh1-bowls-highway-to-north-laxmi-nagar-delhi-425379
Friends Kitchen,https://swiggy.com/restaurants/friends-kitchen-gujranwala-town-ashok-vihar-delhi-108454
Aamantran Bangla,https://swiggy.com/restaurants/aamantran-bangla-pandav-nagar-patparganj-delhi-18324
Delhi6 Bedmi Poori,https://swiggy.com/restaurants/delhi6-bedmi-poori-lajpat-nagar-delhi-427890
EATaliano-the gourmet pizzeria,https://swiggy.com/restaurants/eataliano-the-gourmet-pizzeria-nagar-laxmi-delhi-350981
Unmarried Kitchen - Value Meals and Combos,https://swiggy.com/restaurants/unmarried-kitchen-value-meals-and-combos-preet-vihar-east-laxmi-nagar-delhi-491185
Nathu's Sweets,https://swiggy.com/restaurants/nathus-sweets-vivek-marg-laxmi-nagar-delhi-10982
Champaran kitchen,https://swiggy.com/restaurants/champaran-kitchen-laxmi-nagar-shakarpur-khas-delhi-356500
BIKANER SWEETS & SNACKS,https://swiggy.com/restaurants/bikaner-sweets-and-snacks-laxmi-nagar-delhi-454762
Bikaneri Sweets Corner,https://swiggy.com/restaurants/bikaneri-sweets-corner-laxmi-nagar-shakarpur-delhi-95191
Dhading KTM,https://swiggy.com/restaurants/dhading-ktm-lalita-park-laxmi-nagar-delhi-42688
La Pino'z Pizza,https://swiggy.com/restaurants/la-pinoz-pizza-laxmi-nagar-delhi-157583
Al kadeer Chicken corner,https://swiggy.com/restaurants/al-kadeer-chicken-corner-mother-dairy-road-shakarpur-khas-delhi-168151
Annie's Kerala Kitchen,https://swiggy.com/restaurants/annies-kerala-kitchen-karol-bagh-patel-nagar-delhi-369320
Om Ji Om,https://swiggy.com/restaurants/om-ji-om-netaji-subhash-market-karol-bagh-delhi-77178
Mom's Kitchen,https://swiggy.com/restaurants/moms-kitchen-karol-bagh-delhi-433794
Karim's Jama Masjid,https://swiggy.com/restaurants/karims-jama-masjid-old-jama-masjid-delhi-310645
classic chicken,https://swiggy.com/restaurants/classic-chicken-connaught-place-gole-market-delhi-458503
Giani,https://swiggy.com/restaurants/giani-gole-market-delhi-20297
The Burger Club,https://swiggy.com/restaurants/the-burger-club-main-market-karol-bagh-delhi-47853
Om Ji Om,https://swiggy.com/restaurants/om-ji-om-netaji-subhash-market-karol-bagh-delhi-77178
Mom's Kitchen,https://swiggy.com/restaurants/moms-kitchen-karol-bagh-delhi-433794
Karim's Jama Masjid,https://swiggy.com/restaurants/karims-jama-masjid-old-jama-masjid-delhi-310645
classic chicken,https://swiggy.com/restaurants/classic-chicken-connaught-place-gole-market-delhi-458503
Giani,https://swiggy.com/restaurants/giani-gole-market-delhi-20297
The Burger Club,https://swiggy.com/restaurants/the-burger-club-main-market-karol-bagh-delhi-47853
THALASSERY RESTAURANT,https://swiggy.com/restaurants/thalassery-restaurant-karol-bagh-paharganj-delhi-364739
Shri Hari Vaishnav Dhaba,https://swiggy.com/restaurants/shri-hari-vaishnav-dhaba-ndmc-market-mandi-house-delhi-33604
Zen,https://swiggy.com/restaurants/zen-b-block-connaught-place-delhi-14593
Wat-A-Burger! - India ka Burger,https://swiggy.com/restaurants/wat-a-burger-india-ka-burger-connaught-place-delhi-157585
BurGrub,https://swiggy.com/restaurants/burgrub-connaught-place-delhi-274430
Nirula's,https://swiggy.com/restaurants/nirulas-m-block-connaught-place-delhi-85711
Pind Balluchi - Janpath,https://swiggy.com/restaurants/pind-balluchi-janpath-janpat-connaught-place-delhi-49210
Punjab Grill,https://swiggy.com/restaurants/punjab-grill-janpath-delhi-125872
Popular chicken (Murga Market),https://swiggy.com/restaurants/popular-chicken-murga-market-murga-market-ashok-vihar-delhi-51759
Dosai Bhavan,https://swiggy.com/restaurants/dosai-bhavan-laxmi-nagar-krishna-nagar-delhi-376553
Winner Pizzas (Fresh Dough),https://swiggy.com/restaurants/winner-pizzas-fresh-dough-south-extension-delhi-451869
Shri Hari Restaurant,https://swiggy.com/restaurants/shri-hari-restaurant-lajpat-nagar-delhi-285546
Shri Sai Rasoi,https://swiggy.com/restaurants/shri-sai-rasoi-gurudwara-road-south-extension-i-delhi-152288
Ranch And Pepper,https://swiggy.com/restaurants/ranch-and-pepper-defence-colony-delhi-486706
Aashirwad Restaurant,https://swiggy.com/restaurants/aashirwad-restaurant-mangal-bazar-road-laxmi-nagar-delhi-34223
Capri Wings,https://swiggy.com/restaurants/capri-wings-south-extension-defence-colony-delhi-139977
Chef Joint,https://swiggy.com/restaurants/chef-joint-jangpura-extension-block-b-delhi-26071
Indian Taste,https://swiggy.com/restaurants/indian-taste-mayur-vihar-laxmi-nagar-delhi-430891
Joshi eating house,https://swiggy.com/restaurants/joshi-eating-house-shakarpur-shakarpur-khas-delhi-169845
CHAMPARAN MEAT HOUSE,https://swiggy.com/restaurants/champaran-meat-house-laxmi-nagar-delhi-321945
Rominus Pizza And Burger,https://swiggy.com/restaurants/rominus-pizza-and-burger-laxmi-nagar-delhi-417161
La Milano Pizzeria,https://swiggy.com/restaurants/la-milano-pizzeria-rajinder-nagar-delhi-54931
Shawarma Kings,https://swiggy.com/restaurants/shawarma-kings-apsara-arcade-rajinder-nagar-delhi-12366
Chowringhee,https://swiggy.com/restaurants/chowringhee-china-market-karol-bagh-delhi-43008
KRISHNA DHABA,https://swiggy.com/restaurants/krishna-dhaba-karol-bagh-paharganj-delhi-357115
PUNJABI CHASKA,https://swiggy.com/restaurants/punjabi-chaska-karol-bagh-paharganj-delhi-313905
Tandoori Handi (Since 1999) ,https://swiggy.com/restaurants/tandoori-handi-since-1999-connaught-place-delhi-435019
Slice,https://swiggy.com/restaurants/slice-connaught-place-delhi-391308
Subway,https://swiggy.com/restaurants/subway-m-block-connaught-place-delhi-16418
Jack Rolls,https://swiggy.com/restaurants/jack-rolls-gtb-nagar-delhi-university-gtb-nagar-delhi-177930
Green Dot Pizza,https://swiggy.com/restaurants/green-dot-pizza-gtb-nagar-delhi-555443
Punjabi Big Meals,https://swiggy.com/restaurants/punjabi-big-meals-phase-3-ashok-vihar-delhi-254724
Punjabi's Veg Grill ( jheel wale ),https://swiggy.com/restaurants/punjabis-veg-grill-jheel-wale-jheel-khuranja-geeta-colony-delhi-416254
JVS,https://swiggy.com/restaurants/jvs-south-campus-delhi-539244
Wood Box Cafe,https://swiggy.com/restaurants/wood-box-cafe-edward-lane-vijay-nagar-delhi-16246
Kaveri food,https://swiggy.com/restaurants/kaveri-food-gtb-nagar-hudson-lane-delhi-104882
Saleem's Restaurant,https://swiggy.com/restaurants/saleems-restaurant-flyover-market-defence-colony-delhi-17276
piu pizza hut,https://swiggy.com/restaurants/piu-pizza-hut-laxmi-nagar-delhi-407802
Pizza Studio,https://swiggy.com/restaurants/pizza-studio-mayur-vihar-phase-1-nirman-vihar-delhi-32087
Kailash ji Rasoi,https://swiggy.com/restaurants/kailash-ji-rasoi-south-extension-south-extension-i-delhi-309633
Make My Thali by Punjabi Tadka,https://swiggy.com/restaurants/make-my-thali-by-punjabi-tadka-laxmi-nagar-mangal-bazar-delhi-133583
Om Sai South Indian dosa,https://swiggy.com/restaurants/om-sai-south-indian-dosa-pandav-nagar-patparganj-delhi-130070
piu pizza hut,https://swiggy.com/restaurants/piu-pizza-hut-laxmi-nagar-delhi-407802
Pizza Studio,https://swiggy.com/restaurants/pizza-studio-mayur-vihar-phase-1-nirman-vihar-delhi-32087
Kailash ji Rasoi,https://swiggy.com/restaurants/kailash-ji-rasoi-south-extension-south-extension-i-delhi-309633
Make My Thali by Punjabi Tadka,https://swiggy.com/restaurants/make-my-thali-by-punjabi-tadka-laxmi-nagar-mangal-bazar-delhi-133583
Om Sai South Indian dosa,https://swiggy.com/restaurants/om-sai-south-indian-dosa-pandav-nagar-patparganj-delhi-130070
Roms Pizza,https://swiggy.com/restaurants/roms-pizza-laxmi-nagar-shakarpur-khas-delhi-285723
Riyaz Biryani Corner,https://swiggy.com/restaurants/riyaz-biryani-corner-shakurpur-shakarpur-khas-delhi-71911
Karim's,https://swiggy.com/restaurants/karims-laxmi-nagar-shakarpur-khas-delhi-255505
Wrap & Roll,https://swiggy.com/restaurants/wrap-and-roll-apsara-arcade-north-extension-area-rajinder-nagar-delhi-10157
New Janta Dhaba,https://swiggy.com/restaurants/new-janta-dhaba-karol-bagh-paharganj-delhi-245794
Delhi Darbar Dhaba,https://swiggy.com/restaurants/delhi-darbar-dhaba-ndmc-market-mandi-house-delhi-14677
Dayal Dhaba,https://swiggy.com/restaurants/dayal-dhaba-34-baird-lane-gole-market-delhi-153941
Mezbaan Biryani,https://swiggy.com/restaurants/mezbaan-biryani-paharganj-mukherjee-nagar-delhi-67235
Chaap Kitchen,https://swiggy.com/restaurants/chaap-kitchen-amar-colony-lajpat-nagar-delhi-15239
Shudh Vaishno Dhaba,https://swiggy.com/restaurants/shudh-vaishno-dhaba-gtb-nagar-delhi-435381
Best Muradabadi Biryani,https://swiggy.com/restaurants/best-muradabadi-biryani-gtb-nagar-mukherjee-nagar-delhi-143734
Chawla Refreshment,https://swiggy.com/restaurants/chawla-refreshment-main-road-geeta-colony-east-krishna-nagar-delhi-222218
DELHI WAH JI WAH,https://swiggy.com/restaurants/delhi-wah-ji-wah-gtb-nagar-vijay-nagar-delhi-343082
Metro Fast Food,https://swiggy.com/restaurants/metro-fast-food-university-gtb-nagar-new-delhi-delhi-25190
Dallcheeni,https://swiggy.com/restaurants/dallcheeni-vijay-nagar-kalyan-vihar-delhi-202085
Chander Dhaba,https://swiggy.com/restaurants/chander-dhaba-mathura-road-sunlight-colony-delhi-44016
Mad over momos,https://swiggy.com/restaurants/mad-over-momos-yashwant-place-chanakyapuri-delhi-32635
U Like,https://swiggy.com/restaurants/u-like-paharganj-delhi-57757
Gupta Foods,https://swiggy.com/restaurants/gupta-foods-middle-circle-connaught-place-delhi-22866
Mehfil Biryani by Zakir Khan,https://swiggy.com/restaurants/mehfil-biryani-by-zakir-khan-kirti-nagar-delhi-503971
Krishna fast food center,https://swiggy.com/restaurants/krishna-fast-food-center-ashok-vihar-delhi-83171
PRINCE  POINT,https://swiggy.com/restaurants/prince-point-laxmi-nagar-krishna-nagar-delhi-310814
Prince Cafe,https://swiggy.com/restaurants/prince-cafe-krishna-nagar-delhi-34642
Moti Mahal Delux Legendary Culinary,https://swiggy.com/restaurants/moti-mahal-delux-legendary-culinary-south-extension-ii-delhi-8917
Tandoori Tadka,https://swiggy.com/restaurants/tandoori-tadka-defence-enclave-swasthya-vihar-delhi-13065
GARHWAL MAHAK CHINESE FOOD,https://swiggy.com/restaurants/garhwal-mahak-chinese-food-south-extension-ina-colony-delhi-310060
BIHAR DHABA,https://swiggy.com/restaurants/bihar-dhaba-mayur-vihar-patparganj-delhi-270087
Wok 88,https://swiggy.com/restaurants/wok-88-1-lajpat-nagar-delhi-127106
grill out tandoor and fast food,https://swiggy.com/restaurants/grill-out-tandoor-and-fast-food-shakarpur-delhi-181287
Ram ji Samose wala,https://swiggy.com/restaurants/ram-ji-samose-wala-laxmi-nagar-shakarpur-khas-delhi-204678
CHAUBARA,https://swiggy.com/restaurants/chaubara-connaught-place-delhi-412124
Gupta Restaurant,https://swiggy.com/restaurants/gupta-restaurant-gole-market-delhi-76884
Burger Bites,https://swiggy.com/restaurants/burger-bites-ashok-vihar-delhi-499112
Ghoomar traditional thali restaurant,https://swiggy.com/restaurants/ghoomar-traditional-thali-restaurant-connaught-place-delhi-138677
HIRA SWEET LAL QUARTER,https://swiggy.com/restaurants/hira-sweet-lal-quarter-laxmi-nagar-delhi-466953
Super Subs,https://swiggy.com/restaurants/super-subs-gtb-nagar-mukherjee-nagar-delhi-347513
Hot & Spot Fast Food,https://swiggy.com/restaurants/hot-and-spot-fast-food-gtb-nagar-delhi-107766
AGGARWAL SWEETS,https://swiggy.com/restaurants/aggarwal-sweets-shahdara-delhi-450607
Bewafa Biryani Wala,https://swiggy.com/restaurants/bewafa-biryani-wala-mayur-vihar-vinod-nagar-north-delhi-225512
Shin Shin Chinese,https://swiggy.com/restaurants/shin-shin-chinese-gtb-delhi-university-gtb-nagar-delhi-71070
Noor Hyderabadi,https://swiggy.com/restaurants/noor-hyderabadi-gtb-nagar-mukherjee-nagar-delhi-334812
Dah,https://swiggy.com/restaurants/dah-defence-colony-delhi-140416
Gulati's Kitchen,https://swiggy.com/restaurants/gulatis-kitchen-connaught-place-delhi-460996
Super Subs,https://swiggy.com/restaurants/super-subs-gtb-nagar-mukherjee-nagar-delhi-347513
Hot & Spot Fast Food,https://swiggy.com/restaurants/hot-and-spot-fast-food-gtb-nagar-delhi-107766
AGGARWAL SWEETS,https://swiggy.com/restaurants/aggarwal-sweets-shahdara-delhi-450607
Bewafa Biryani Wala,https://swiggy.com/restaurants/bewafa-biryani-wala-mayur-vihar-vinod-nagar-north-delhi-225512
Shin Shin Chinese,https://swiggy.com/restaurants/shin-shin-chinese-gtb-delhi-university-gtb-nagar-delhi-71070
Noor Hyderabadi,https://swiggy.com/restaurants/noor-hyderabadi-gtb-nagar-mukherjee-nagar-delhi-334812
Dah,https://swiggy.com/restaurants/dah-defence-colony-delhi-140416
Gulati's Kitchen,https://swiggy.com/restaurants/gulatis-kitchen-connaught-place-delhi-460996
SPICES OF SOUTH,https://swiggy.com/restaurants/spices-of-south-laxmi-nagar-krishna-nagar-delhi-255366
Chinese potli,https://swiggy.com/restaurants/chinese-potli-laxmi-nagar-krishna-nagar-delhi-245520
Dosto Di Hatti,https://swiggy.com/restaurants/dosto-di-hatti-laxmi-nagar-kailash-nagar-delhi-482469
Bikaner sweets,https://swiggy.com/restaurants/bikaner-sweets-laxmi-nagar-geeta-colony-delhi-222246
Cake Room,https://swiggy.com/restaurants/cake-room-kishan-gunj-laxmi-nagar-delhi-11431
THE BIRYANI INC,https://swiggy.com/restaurants/the-biryani-inc-mayur-vihar-vinod-nagar-north-delhi-340752
Hari OM Chaapwala,https://swiggy.com/restaurants/hari-om-chaapwala-mayur-vihar-delhi-479307
Vaishnav dhaba,https://swiggy.com/restaurants/vaishnav-dhaba-lajpat-nagar-sunlight-colony-delhi-85490
Hello G Sas Kitchen,https://swiggy.com/restaurants/hello-g-sas-kitchen-paharganj-delhi-delhi-169793
Ham Burger,https://swiggy.com/restaurants/ham-burger-gtb-nagar-mukherjee-nagar-delhi-179827
Big Fat Rollz,https://swiggy.com/restaurants/big-fat-rollz-dwarka-mor-kirti-nagar-industrial-area-kirti-nagar-delhi-47140
VISHNU PIZZA POINT,https://swiggy.com/restaurants/vishnu-pizza-point-laxmi-nagar-delhi-275815
Flavors Of Delhi,https://swiggy.com/restaurants/flavors-of-delhi-south-extension-delhi-543627
Yaara Da Adda,https://swiggy.com/restaurants/yaara-da-adda-laxmi-nagar-krishna-nagar-delhi-406345
Shah Ji Kulcha,https://swiggy.com/restaurants/shah-ji-kulcha-krishna-nagar-delhi-513117
MAHAK VADA PAV,https://swiggy.com/restaurants/mahak-vada-pav-laxmi-nagar-delhi-589727
JACK IN THE BOX,https://swiggy.com/restaurants/jack-in-the-box-laxmi-nagar-delhi-589732
MALL OF FOOD,https://swiggy.com/restaurants/mall-of-food-gtb-nagar-gujranwala-town-delhi-490605
TKs Oriental Grill - Hyatt regency,https://swiggy.com/restaurants/tks-oriental-grill-hyatt-regency-r-k-puram-rama-krishna-puram-delhi-264529
REVATHI's FUSION KITCHEN..,https://swiggy.com/restaurants/revathis-fusion-kitchen-south-extension-delhi-529316
Chah Shala,https://swiggy.com/restaurants/chah-shala-gtb-nagar-delhi-528426
The China Kitchen - Hyatt Regency,https://swiggy.com/restaurants/the-china-kitchen-hyatt-regency-r-k-puram-south-campus-delhi-264430
D3 - DHABA DILLI DA,https://swiggy.com/restaurants/d3-dhaba-dilli-da-gtb-nagar-delhi-570992
PRINCE FAST FOOD,https://swiggy.com/restaurants/prince-fast-food-laxmi-nagar-krishna-nagar-delhi-305544
Rock N' Roll Restro,https://swiggy.com/restaurants/rock-n-roll-restro-laxmi-nagar-delhi-553155
Cafe - Hyatt Regency,https://swiggy.com/restaurants/cafe-hyatt-regency-r-k-puram-rama-krishna-puram-delhi-264530
Sidewalk - Hyatt Regency,https://swiggy.com/restaurants/sidewalk-hyatt-regency-r-k-puram-rama-krishna-puram-delhi-264531
Spoon Full Of Flavors,https://swiggy.com/restaurants/spoon-full-of-flavors-ashok-vihar-delhi-421934
La Piazza - Hyatt regency Delhi,https://swiggy.com/restaurants/la-piazza-hyatt-regency-delhi-r-k-puram-rama-krishna-puram-delhi-264528
Rock N Roll Cafe,https://swiggy.com/restaurants/rock-n-roll-cafe-laxmi-nagar-delhi-554647
Butter chicken babe,https://swiggy.com/restaurants/butter-chicken-babe-lajpat-nagar-delhi-503894
El Bueno Coffee Roasters,https://swiggy.com/restaurants/el-bueno-coffee-roasters-kirti-nagar-delhi-579322
Radhey Krishna Choley Bhature,https://swiggy.com/restaurants/radhey-krishna-choley-bhature-kirti-nagar-delhi-335031
Punjabi By Nature,https://swiggy.com/restaurants/punjabi-by-nature-industrial-area-kirti-nagar-delhi-412795
AMRITSARI BREAK FAST HUT,https://swiggy.com/restaurants/amritsari-break-fast-hut-laxmi-nagar-delhi-459931
Desi Swaad Restaurant,https://swiggy.com/restaurants/desi-swaad-restaurant-ashok-vihar-delhi-510636
THE CAFE FINOM,https://swiggy.com/restaurants/the-cafe-finom-gtb-nagar-mukherjee-nagar-delhi-327884
THE 3 STOREY MULTICUISINE RESTAURANT,https://swiggy.com/restaurants/the-3-storey-multicuisine-restaurant-krishna-nagar-laxmi-nagar-delhi-438964
Super Express,https://swiggy.com/restaurants/super-express-laxmi-nagar-delhi-455794
MATHURA VEG BIRYANI,https://swiggy.com/restaurants/mathura-veg-biryani-laxmi-nagar-delhi-543427
CHINESE BYTE,https://swiggy.com/restaurants/chinese-byte-laxmi-nagar-krishna-nagar-delhi-515522
Pizza Never Lies,https://swiggy.com/restaurants/pizza-never-lies-south-campus-delhi-526754
Uncle Cake & Bake,https://swiggy.com/restaurants/uncle-cake-and-bake-laxmi-nagar-delhi-464254
RAJASTHANI ICE CREAM & PAW BHAJI,https://swiggy.com/restaurants/rajasthani-ice-cream-and-paw-bhaji-laxmi-nagar-delhi-571363
The Cheesy Story,https://swiggy.com/restaurants/the-cheesy-story-lajpat-nagar-delhi-560058
Momos World,https://swiggy.com/restaurants/momos-world-ashok-vihar-delhi-495423
Chill Maaro,https://swiggy.com/restaurants/chill-maaro-ashok-vihar-delhi-490838
Badshah Pao Bhaji,https://swiggy.com/restaurants/badshah-pao-bhaji-ashok-vihar-delhi-502708
Ludo Lalit,https://swiggy.com/restaurants/ludo-lalit-ashok-vihar-delhi-491528
Chakhna Lo India,https://swiggy.com/restaurants/chakhna-lo-india-kirti-nagar-inderpuri-delhi-568713
Momos Hub,https://swiggy.com/restaurants/momos-hub-ashok-vihar-delhi-494923
Mahendra sudh khana,https://swiggy.com/restaurants/mahendra-sudh-khana-lajpat-nagar-delhi-564735
Home Food Kitchen,https://swiggy.com/restaurants/home-food-kitchen-ashok-vihar-kanahaiya-nagar-delhi-562720
KHANNA JUICE CORNER,https://swiggy.com/restaurants/khanna-juice-corner-krishna-nagar-delhi-376649
Food Hub,https://swiggy.com/restaurants/food-hub-ashok-vihar-delhi-494288
Breakfast Corner,https://swiggy.com/restaurants/breakfast-corner-chander-nagar-krishna-nagar-delhi-49983
Ludo Lalit,https://swiggy.com/restaurants/ludo-lalit-ashok-vihar-delhi-491528
Chakhna Lo India,https://swiggy.com/restaurants/chakhna-lo-india-kirti-nagar-inderpuri-delhi-568713
Momos Hub,https://swiggy.com/restaurants/momos-hub-ashok-vihar-delhi-494923
Mahendra sudh khana,https://swiggy.com/restaurants/mahendra-sudh-khana-lajpat-nagar-delhi-564735
Home Food Kitchen,https://swiggy.com/restaurants/home-food-kitchen-ashok-vihar-kanahaiya-nagar-delhi-562720
KHANNA JUICE CORNER,https://swiggy.com/restaurants/khanna-juice-corner-krishna-nagar-delhi-376649
Food Hub,https://swiggy.com/restaurants/food-hub-ashok-vihar-delhi-494288
Breakfast Corner,https://swiggy.com/restaurants/breakfast-corner-chander-nagar-krishna-nagar-delhi-49983
The Cake Store,https://swiggy.com/restaurants/the-cake-store-laxmi-nagar-delhi-527259
Jyoti Chaat Corner,https://swiggy.com/restaurants/jyoti-chaat-corner-laxmi-nagar-delhi-483272
DELHI ZAIKA,https://swiggy.com/restaurants/delhi-zaika-laxmi-nagar-krishna-nagar-delhi-410896
SHAMMI BHAI LASSI WALA,https://swiggy.com/restaurants/shammi-bhai-lassi-wala-gtb-nagar-delhi-400799
GURU JI RASOI,https://swiggy.com/restaurants/guru-ji-rasoi-laxmi-nagar-delhi-575659
CHAYKALA,https://swiggy.com/restaurants/chaykala-lajpat-nagar-delhi-517467
MAA KI RASOI,https://swiggy.com/restaurants/maa-ki-rasoi-laxmi-nagar-delhi-543109
Lizza's Pizza,https://swiggy.com/restaurants/lizzas-pizza-south-extension-delhi-573555
Hum Sabki Rasoi,https://swiggy.com/restaurants/hum-sabki-rasoi-kirti-nagar-delhi-579638
Singh Dhaba,https://swiggy.com/restaurants/singh-dhaba-kirti-nagar-delhi-577198
Food Sip N Bite,https://swiggy.com/restaurants/food-sip-n-bite-ashok-vihar-delhi-496173
Krishna tiffin service,https://swiggy.com/restaurants/krishna-tiffin-service-ashok-vihar-delhi-396351
Punjabi Shahi Veg Biryani,https://swiggy.com/restaurants/punjabi-shahi-veg-biryani-laxmi-nagar-delhi-532674
Crispy Delight Bakers,https://swiggy.com/restaurants/crispy-delight-bakers-laxmi-nagar-delhi-526643
Wack Waffles & Brownies,https://swiggy.com/restaurants/wack-waffles-and-brownies-gtb-nagar-delhi-555490
Panda Momos,https://swiggy.com/restaurants/panda-momos-gtb-nagar-delhi-555491
Desi Chaska,https://swiggy.com/restaurants/desi-chaska-krishna-nagar-delhi-420712
Chinese Food Plaza,https://swiggy.com/restaurants/chinese-food-plaza-shahdara-laxmi-nagar-delhi-501726
Jenny's Brownies,https://swiggy.com/restaurants/jennys-brownies-gtb-nagar-delhi-555628
Brijwasi sweets snacks,https://swiggy.com/restaurants/brijwasi-sweets-snacks-laxmi-nagar-delhi-585782
FOODOOZE BY PLATONIC,https://swiggy.com/restaurants/foodooze-by-platonic-south-campus-delhi-463451
Bakery 24/7,https://swiggy.com/restaurants/bakery-24-7-laxmi-nagar-delhi-189125
M/S. PUNJABI TADKA,https://swiggy.com/restaurants/m-s-punjabi-tadka-south-campus-delhi-547154
Ashok Meat,https://swiggy.com/restaurants/ashok-meat-laxmi-nagar-delhi-583696
Bakery 24/7,https://swiggy.com/restaurants/bakery-24-7-laxmi-nagar-delhi-189125
M/S. PUNJABI TADKA,https://swiggy.com/restaurants/m-s-punjabi-tadka-south-campus-delhi-547154
Ashok Meat,https://swiggy.com/restaurants/ashok-meat-laxmi-nagar-delhi-583696
MANI'S CHICKEN INN,https://swiggy.com/restaurants/manis-chicken-inn-chwala-chicken-near-laxmi-nager-geeta-colony-police-station-opposite-delhi-542810
Khichdi Paradise,https://swiggy.com/restaurants/khichdi-paradise-gtb-nagar-delhi-555396
Magic Pancakes,https://swiggy.com/restaurants/magic-pancakes-gtb-nagar-delhi-555412
CHAIMOS (A UNIT OF QDM GROUP),https://swiggy.com/restaurants/chaimos-a-unit-of-qdm-group-south-campus-delhi-571870
Meatwale. Com,https://swiggy.com/restaurants/meatwale-com-main-jheel-road-krishna-nagar-delhi-57789
Dalgrak,https://swiggy.com/restaurants/dalgrak-lajpat-nagar-delhi-410157
The bowl club by Pind Balluchi,https://swiggy.com/restaurants/the-bowl-club-by-pind-balluchi-lajpat-nagar-delhi-359197
Winzo Foods,https://swiggy.com/restaurants/winzo-foods-south-campus-south-moti-bagh-delhi-361884
Delicious Dhaba,https://swiggy.com/restaurants/delicious-dhaba-kirti-nagar-delhi-579645
Sandwich Maniac,https://swiggy.com/restaurants/sandwich-maniac-uday-park-south-extension-ii-delhi-48819
Mahi Ka Restaurant ,https://swiggy.com/restaurants/mahi-ka-restaurant-arjun-nagar-new-hauz-khas-delhi-439070
Pind De Chur Chur Naan by Pind Balluchi,https://swiggy.com/restaurants/pind-de-chur-chur-naan-by-pind-balluchi-lajpat-nagar-delhi-359195
Green Life Cafe,https://swiggy.com/restaurants/green-life-cafe-kirti-nagar-moti-nagar-delhi-488904
Sahil Restaurant,https://swiggy.com/restaurants/sahil-restaurant-south-extension-south-extension-ii-delhi-332965
Foodie Mania,https://swiggy.com/restaurants/foodie-mania-hauz-khas-delhi-435887
The Rice & Noodle House,https://swiggy.com/restaurants/the-rice-and-noodle-house-south-extension-delhi-396202
Sharma Ji Ke Mashoor Chole Bhature,https://swiggy.com/restaurants/sharma-ji-ke-mashoor-chole-bhature-south-extension-delhi-548850
MDH MASALA LEGENDRY CULINERY KITCHEN SINCE 1960,https://swiggy.com/restaurants/mdh-masala-legendry-culinery-kitchen-since-1960-lajpat-nagar-delhi-565392
THE FOOD LOVER,https://swiggy.com/restaurants/the-food-lover-lajpat-nagar-delhi-565385
AKIB CHICKEN BIRYANI POINT,https://swiggy.com/restaurants/akib-chicken-biryani-point-south-extension-delhi-538606
Tim Tim Foods,https://swiggy.com/restaurants/tim-tim-foods-laxmi-nagar-delhi-526867
Innings Break Cafe,https://swiggy.com/restaurants/innings-break-cafe-laxmi-nagar-delhi-574563
Cake Studio,https://swiggy.com/restaurants/cake-studio-south-extension-delhi-563223
Chaap Story,https://swiggy.com/restaurants/chaap-story-laxmi-nagar-delhi-511346
MOOLCHANDWALA,https://swiggy.com/restaurants/moolchandwala-lajpat-nagar-delhi-565371
Rajshrees Kitchen,https://swiggy.com/restaurants/rajshrees-kitchen-laxmi-nagar-delhi-504203
Backstreet Cafe,https://swiggy.com/restaurants/backstreet-cafe-laxmi-nagar-delhi-455338
Embassy Hudson,https://swiggy.com/restaurants/embassy-hudson-gtb-nagar-delhi-351463
IMYAPA,https://swiggy.com/restaurants/imyapa-south-extension-delhi-328772
Chaap Story,https://swiggy.com/restaurants/chaap-story-laxmi-nagar-delhi-511346
MOOLCHANDWALA,https://swiggy.com/restaurants/moolchandwala-lajpat-nagar-delhi-565371
Rajshrees Kitchen,https://swiggy.com/restaurants/rajshrees-kitchen-laxmi-nagar-delhi-504203
Backstreet Cafe,https://swiggy.com/restaurants/backstreet-cafe-laxmi-nagar-delhi-455338
Embassy Hudson,https://swiggy.com/restaurants/embassy-hudson-gtb-nagar-delhi-351463
IMYAPA,https://swiggy.com/restaurants/imyapa-south-extension-delhi-328772
Aahaaa,https://swiggy.com/restaurants/aahaaa-laxmi-nagar-geeta-colony-delhi-224516
Food Feast Bakery,https://swiggy.com/restaurants/food-feast-bakery-laxmi-nagar-delhi-548513
Love At First Bite,https://swiggy.com/restaurants/love-at-first-bite-south-campus-delhi-504978
APS KITCHEN,https://swiggy.com/restaurants/aps-kitchen-gtb-nagar-delhi-509314
The Food Jinn,https://swiggy.com/restaurants/the-food-jinn-south-extension-delhi-415079
PIZZA BURGER PLAZA,https://swiggy.com/restaurants/pizza-burger-plaza-laxmi-nagar-delhi-525544
MOHIT RESTAURANT,https://swiggy.com/restaurants/mohit-restaurant-south-extension-delhi-505811
Nice Pizza Sweet Corner,https://swiggy.com/restaurants/nice-pizza-sweet-corner-shahdara-delhi-528234
Zaika Chicken Biryani,https://swiggy.com/restaurants/zaika-chicken-biryani-south-campus-satya-niketan-delhi-562418
AAMA KO KITCHEN,https://swiggy.com/restaurants/aama-ko-kitchen-south-campus-delhi-524394
MOHIT RESTAURANT,https://swiggy.com/restaurants/mohit-restaurant-south-extension-delhi-505811
Nice Pizza Sweet Corner,https://swiggy.com/restaurants/nice-pizza-sweet-corner-shahdara-delhi-528234
Zaika Chicken Biryani,https://swiggy.com/restaurants/zaika-chicken-biryani-south-campus-satya-niketan-delhi-562418
AAMA KO KITCHEN,https://swiggy.com/restaurants/aama-ko-kitchen-south-campus-delhi-524394
Foodies Point,https://swiggy.com/restaurants/foodies-point-gtb-nagar-delhi-542948
The Cake Couture,https://swiggy.com/restaurants/the-cake-couture-south-extension-delhi-550298
MrFoodCrown,https://swiggy.com/restaurants/mrfoodcrown-gtb-nagar-delhi-517629
Aar Par Fast Food & Pizza Junction,https://swiggy.com/restaurants/aar-par-fast-food-and-pizza-junction-shahdara-delhi-565545
Humpty Dumpty (Rice Bowl & Momos) ,https://swiggy.com/restaurants/humpty-dumpty-rice-bowl-and-momos-south-extension-delhi-563222
WAGH BAKRI TEA LOUNGE,https://swiggy.com/restaurants/wagh-bakri-tea-lounge-kirti-nagar-delhi-283209
CHINESE WOW,https://swiggy.com/restaurants/chinese-wow-lajpat-nagar-delhi-462159
BIRYANI TALES,https://swiggy.com/restaurants/biryani-tales-lajpat-nagar-delhi-462158
Kitchen & Chicken,https://swiggy.com/restaurants/kitchen-and-chicken-south-extension-2-south-extension-ii-delhi-18726
ADAE HAANDI,https://swiggy.com/restaurants/adae-haandi-south-campus-delhi-422346
ABONGZAA,https://swiggy.com/restaurants/abongzaa-gtb-nagar-delhi-403677
Food on mood,https://swiggy.com/restaurants/food-on-mood-gtb-nagar-delhi-518620
Bella Rossa,https://swiggy.com/restaurants/bella-rossa-gtb-nagar-delhi-469560
Mama's Buoi,https://swiggy.com/restaurants/mamas-buoi-gtb-nagar-delhi-380642
Sub Singh,https://swiggy.com/restaurants/sub-singh-gtb-nagar-delhi-556360
Cafe Taurtilla,https://swiggy.com/restaurants/cafe-taurtilla-gtb-nagar-delhi-466520
Daadi Ki Rasoi,https://swiggy.com/restaurants/daadi-ki-rasoi-ashok-vihar-delhi-497494
Katyal Fast Food,https://swiggy.com/restaurants/katyal-fast-food-laxmi-nagar-delhi-550581
The shake cafe,https://swiggy.com/restaurants/the-shake-cafe-laxmi-nagar-geeta-colony-delhi-583404
YO YO MOMOS,https://swiggy.com/restaurants/yo-yo-momos-laxmi-nagar-geeta-colony-delhi-426773
Nice Pizza Point,https://swiggy.com/restaurants/nice-pizza-point-shahdara-laxmi-nagar-delhi-436460
YAARA DI KITCHEN,https://swiggy.com/restaurants/yaara-di-kitchen-mayur-vihar-delhi-526513
RDX RELOADED,https://swiggy.com/restaurants/rdx-reloaded-safdarjung-enclave-delhi-329818
Food Time,https://swiggy.com/restaurants/food-time-mayur-vihar-delhi-449152
Kitchen 65,https://swiggy.com/restaurants/kitchen-65-laxmi-nagar-delhi-487082
Sandwich Mcenza!,https://swiggy.com/restaurants/sandwich-mcenza-ashok-vihar-delhi-568071
PURANIDELHI6ZAIKA MUGHLAI FOODS,https://swiggy.com/restaurants/puranidelhi6zaika-mughlai-foods-ashok-vihar-delhi-577095
O pizza,https://swiggy.com/restaurants/o-pizza-mayur-vihar-delhi-552979
Yo Anna Food,https://swiggy.com/restaurants/yo-anna-food-south-campus-r-k-puram-delhi-445468
YAARA DI KITCHEN,https://swiggy.com/restaurants/yaara-di-kitchen-mayur-vihar-delhi-526513
RDX RELOADED,https://swiggy.com/restaurants/rdx-reloaded-safdarjung-enclave-delhi-329818
Food Time,https://swiggy.com/restaurants/food-time-mayur-vihar-delhi-449152
Kitchen 65,https://swiggy.com/restaurants/kitchen-65-laxmi-nagar-delhi-487082
Sandwich Mcenza!,https://swiggy.com/restaurants/sandwich-mcenza-ashok-vihar-delhi-568071
PURANIDELHI6ZAIKA MUGHLAI FOODS,https://swiggy.com/restaurants/puranidelhi6zaika-mughlai-foods-ashok-vihar-delhi-577095
O pizza,https://swiggy.com/restaurants/o-pizza-mayur-vihar-delhi-552979
La mandarin,https://swiggy.com/restaurants/la-mandarin-gtb-nagar-delhi-451695
Funky Paratha,https://swiggy.com/restaurants/funky-paratha-laxmi-nagar-delhi-561195
Dady Cool Shake & Ice Cream Parlour,https://swiggy.com/restaurants/dady-cool-shake-and-ice-cream-parlour-gtb-nagar-delhi-393099
The Branch Cafe,https://swiggy.com/restaurants/the-branch-cafe-south-ex-2-south-extension-ii-delhi-58696
Old skool,https://swiggy.com/restaurants/old-skool-gtb-nagar-delhi-501879
Gourmet Couch by ITC Hotels,https://swiggy.com/restaurants/gourmet-couch-by-itc-hotels-south-campus-chanakyapuri-delhi-294478
Negi Dhaba,https://swiggy.com/restaurants/negi-dhaba-lajpat-nagar-delhi-529227
Shakes Haveli,https://swiggy.com/restaurants/shakes-haveli-vijay-nagar-kalyan-vihar-delhi-229840
YO YO MOMOS,https://swiggy.com/restaurants/yo-yo-momos-laxmi-nagar-geeta-colony-delhi-426773
Nice Pizza Point,https://swiggy.com/restaurants/nice-pizza-point-shahdara-laxmi-nagar-delhi-436460
Yo Anna Food,https://swiggy.com/restaurants/yo-anna-food-south-campus-r-k-puram-delhi-445468
YAARA DI KITCHEN,https://swiggy.com/restaurants/yaara-di-kitchen-mayur-vihar-delhi-526513
RDX RELOADED,https://swiggy.com/restaurants/rdx-reloaded-safdarjung-enclave-delhi-329818
Food Time,https://swiggy.com/restaurants/food-time-mayur-vihar-delhi-449152
Kitchen 65,https://swiggy.com/restaurants/kitchen-65-laxmi-nagar-delhi-487082
Sandwich Mcenza!,https://swiggy.com/restaurants/sandwich-mcenza-ashok-vihar-delhi-568071
PURANIDELHI6ZAIKA MUGHLAI FOODS,https://swiggy.com/restaurants/puranidelhi6zaika-mughlai-foods-ashok-vihar-delhi-577095
O pizza,https://swiggy.com/restaurants/o-pizza-mayur-vihar-delhi-552979
Funky Paratha,https://swiggy.com/restaurants/funky-paratha-laxmi-nagar-delhi-561195
Dady Cool Shake & Ice Cream Parlour,https://swiggy.com/restaurants/dady-cool-shake-and-ice-cream-parlour-gtb-nagar-delhi-393099
The Branch Cafe,https://swiggy.com/restaurants/the-branch-cafe-south-ex-2-south-extension-ii-delhi-58696
Old skool,https://swiggy.com/restaurants/old-skool-gtb-nagar-delhi-501879
Gourmet Couch by ITC Hotels,https://swiggy.com/restaurants/gourmet-couch-by-itc-hotels-south-campus-chanakyapuri-delhi-294478
Negi Dhaba,https://swiggy.com/restaurants/negi-dhaba-lajpat-nagar-delhi-529227
Sugar Room,https://swiggy.com/restaurants/sugar-room-lajpat-nagar-delhi-582086
APNA CHULHA,https://swiggy.com/restaurants/apna-chulha-mayur-vihar-delhi-582859
Momo Mom by Oriental Mom,https://swiggy.com/restaurants/momo-mom-by-oriental-mom-mayur-vihar-delhi-573773
GolgapppaG,https://swiggy.com/restaurants/golgapppag-mayur-vihar-delhi-492874
Desi Kulfi,https://swiggy.com/restaurants/desi-kulfi-ashok-vihar-delhi-532922
OPTIMUM TASTY BITE,https://swiggy.com/restaurants/optimum-tasty-bite-laxmi-nagar-delhi-532559
Cream & Berry - Premium Ice Cream,https://swiggy.com/restaurants/cream-and-berry-premium-ice-cream-ashok-vihar-delhi-532925
biryani by kimo,https://swiggy.com/restaurants/biryani-by-kimo-mayur-vihar-delhi-528387
Singh Chicken Corner,https://swiggy.com/restaurants/singh-chicken-corner-kirti-nagar-delhi-400569
Manisha's Bakery 24x7,https://swiggy.com/restaurants/manishas-bakery-24x7-laxmi-nagar-delhi-578162
OHB PIZZA,https://swiggy.com/restaurants/ohb-pizza-laxmi-nagar-geeta-colony-delhi-291270
Optimum Quick Bites,https://swiggy.com/restaurants/optimum-quick-bites-laxmi-nagar-geeta-colony-delhi-240236
Curries and Tikkaas,https://swiggy.com/restaurants/curries-and-tikkaas-greater-kailash-2-lajpat-nagar-delhi-427700
The Chaap Street,https://swiggy.com/restaurants/the-chaap-street-lajpat-nagar-delhi-459560
CHOCO CRAVE,https://swiggy.com/restaurants/choco-crave-lajpat-nagar-delhi-478842
Kurry Kingdom,https://swiggy.com/restaurants/kurry-kingdom-gtb-nagar-delhi-558215
GolgapppaG,https://swiggy.com/restaurants/golgapppag-mayur-vihar-delhi-492874
Desi Kulfi,https://swiggy.com/restaurants/desi-kulfi-ashok-vihar-delhi-532922
OPTIMUM TASTY BITE,https://swiggy.com/restaurants/optimum-tasty-bite-laxmi-nagar-delhi-532559
Cream & Berry - Premium Ice Cream,https://swiggy.com/restaurants/cream-and-berry-premium-ice-cream-ashok-vihar-delhi-532925
biryani by kimo,https://swiggy.com/restaurants/biryani-by-kimo-mayur-vihar-delhi-528387
Singh Chicken Corner,https://swiggy.com/restaurants/singh-chicken-corner-kirti-nagar-delhi-400569
Manisha's Bakery 24x7,https://swiggy.com/restaurants/manishas-bakery-24x7-laxmi-nagar-delhi-578162
OHB PIZZA,https://swiggy.com/restaurants/ohb-pizza-laxmi-nagar-geeta-colony-delhi-291270
Optimum Quick Bites,https://swiggy.com/restaurants/optimum-quick-bites-laxmi-nagar-geeta-colony-delhi-240236
Curries and Tikkaas,https://swiggy.com/restaurants/curries-and-tikkaas-greater-kailash-2-lajpat-nagar-delhi-427700
The Chaap Street,https://swiggy.com/restaurants/the-chaap-street-lajpat-nagar-delhi-459560
CHOCO CRAVE,https://swiggy.com/restaurants/choco-crave-lajpat-nagar-delhi-478842
Kurry Kingdom,https://swiggy.com/restaurants/kurry-kingdom-gtb-nagar-delhi-558215
Optimum hunger bites,https://swiggy.com/restaurants/optimum-hunger-bites-laxmi-nagar-geeta-colony-delhi-211488
Standard Cake Shop,https://swiggy.com/restaurants/standard-cake-shop-baljeet-nagar-delhi-563744
Punjabi Cafe,https://swiggy.com/restaurants/punjabi-cafe-metro-polex-mall-swasthya-vihar-delhi-11344
Singh Chicken Corner,https://swiggy.com/restaurants/singh-chicken-corner-kirti-nagar-delhi-400569
Manisha's Bakery 24x7,https://swiggy.com/restaurants/manishas-bakery-24x7-laxmi-nagar-delhi-578162
OHB PIZZA,https://swiggy.com/restaurants/ohb-pizza-laxmi-nagar-geeta-colony-delhi-291270
Optimum Quick Bites,https://swiggy.com/restaurants/optimum-quick-bites-laxmi-nagar-geeta-colony-delhi-240236
Curries and Tikkaas,https://swiggy.com/restaurants/curries-and-tikkaas-greater-kailash-2-lajpat-nagar-delhi-427700
The Chaap Street,https://swiggy.com/restaurants/the-chaap-street-lajpat-nagar-delhi-459560
Kurry Kingdom,https://swiggy.com/restaurants/kurry-kingdom-gtb-nagar-delhi-558215
Optimum hunger bites,https://swiggy.com/restaurants/optimum-hunger-bites-laxmi-nagar-geeta-colony-delhi-211488
Standard Cake Shop,https://swiggy.com/restaurants/standard-cake-shop-baljeet-nagar-delhi-563744
Punjabi Cafe,https://swiggy.com/restaurants/punjabi-cafe-metro-polex-mall-swasthya-vihar-delhi-11344
Idiot Cakes,https://swiggy.com/restaurants/idiot-cakes-laxmi-nagar-delhi-540225
Mealful Rolls - Meals in a Roll,https://swiggy.com/restaurants/mealful-rolls-meals-in-a-roll-laxmi-nagar-delhi-425375
Pizza Lover,https://swiggy.com/restaurants/pizza-lover-shakarpur-laxmi-nagar-delhi-556550
Fuel Juice Bar,https://swiggy.com/restaurants/fuel-juice-bar-hauz-khas-south-extension-part-2-delhi-398630
Murthal Xpress,https://swiggy.com/restaurants/murthal-xpress-laxmi-nagar-delhi-577439
Ice Cream House,https://swiggy.com/restaurants/ice-cream-house-mayur-vihar-delhi-455175
BBA FAST FOOD WALA,https://swiggy.com/restaurants/bba-fast-food-wala-lajpat-nagar-delhi-549501
THE ROYAL BIRYANI,https://swiggy.com/restaurants/the-royal-biryani-patel-nagar-west-patel-nagar-delhi-549513
Sethi's Restaurant,https://swiggy.com/restaurants/sethis-restaurant-lajpat-nagar-delhi-514914
Maa ki khichdi,https://swiggy.com/restaurants/maa-ki-khichdi-south-extension-delhi-508866
Jenny's Brownies,https://swiggy.com/restaurants/jennys-brownies-south-extension-delhi-505527
Miami Shakes & More,https://swiggy.com/restaurants/miami-shakes-and-more-south-extension-delhi-505514
Prija Cafe (Helly and Chilly),https://swiggy.com/restaurants/prija-cafe-helly-and-chilly-south-extension-delhi-584033
GIVOWN FOODS,https://swiggy.com/restaurants/givown-foods-lajpat-nagar-greater-kailash-2-delhi-449769
Satvik Rasoi,https://swiggy.com/restaurants/satvik-rasoi-laxmi-nagar-delhi-565777
Kumar's Annapurna,https://swiggy.com/restaurants/kumars-annapurna-sher-singh-bazar-delhi-delhi-18041
Cake N Pastries,https://swiggy.com/restaurants/cake-n-pastries-dr-ambedkar-road-kirti-nagar-delhi-172895
BURGER TOWN,https://swiggy.com/restaurants/burger-town-laxmi-nagar-delhi-477029
SARDAR JI MAGGIE WALE,https://swiggy.com/restaurants/sardar-ji-maggie-wale-laxmi-nagar-delhi-477043
FOOD PORN,https://swiggy.com/restaurants/food-porn-south-campus-delhi-560186
LUMINOUS WOK,https://swiggy.com/restaurants/luminous-wok-south-campus-delhi-584743
DRAGONFLY CHINA,https://swiggy.com/restaurants/dragonfly-china-south-campus-delhi-584745
Jenny's Brownies,https://swiggy.com/restaurants/jennys-brownies-south-extension-delhi-505527
Miami Shakes & More,https://swiggy.com/restaurants/miami-shakes-and-more-south-extension-delhi-505514
Prija Cafe (Helly and Chilly),https://swiggy.com/restaurants/prija-cafe-helly-and-chilly-south-extension-delhi-584033
GIVOWN FOODS,https://swiggy.com/restaurants/givown-foods-lajpat-nagar-greater-kailash-2-delhi-449769
Satvik Rasoi,https://swiggy.com/restaurants/satvik-rasoi-laxmi-nagar-delhi-565777
Kumar's Annapurna,https://swiggy.com/restaurants/kumars-annapurna-sher-singh-bazar-delhi-delhi-18041
Cake N Pastries,https://swiggy.com/restaurants/cake-n-pastries-dr-ambedkar-road-kirti-nagar-delhi-172895
BURGER TOWN,https://swiggy.com/restaurants/burger-town-laxmi-nagar-delhi-477029
SARDAR JI MAGGIE WALE,https://swiggy.com/restaurants/sardar-ji-maggie-wale-laxmi-nagar-delhi-477043
FOOD PORN,https://swiggy.com/restaurants/food-porn-south-campus-delhi-560186
LUMINOUS WOK,https://swiggy.com/restaurants/luminous-wok-south-campus-delhi-584743
DRAGONFLY CHINA,https://swiggy.com/restaurants/dragonfly-china-south-campus-delhi-584745
CUISINE QI,https://swiggy.com/restaurants/cuisine-qi-south-campus-delhi-584744
Gopala,https://swiggy.com/restaurants/gopala-laxmi-nagar-delhi-555706
Shinchann Cafe,https://swiggy.com/restaurants/shinchann-cafe-lajpat-nagar-delhi-544125
chicago burger,https://swiggy.com/restaurants/chicago-burger-laxmi-nagar-nirman-vihar-delhi-247254
Pizza Boom,https://swiggy.com/restaurants/pizza-boom-laxmi-nagar-delhi-473622
Vindhwashni Bakers Confectioner & Florist,https://swiggy.com/restaurants/vindhwashni-bakers-confectioner-and-florist-laxmi-nagar-delhi-243080
Shel Food Cafe,https://swiggy.com/restaurants/shel-food-cafe-laxmi-nagar-delhi-528178
MEHAK FOODS,https://swiggy.com/restaurants/mehak-foods-laxmi-nagar-delhi-589748
Pizza Door,https://swiggy.com/restaurants/pizza-door-laxmi-nagar-delhi-486303
Cake 24x7,https://swiggy.com/restaurants/cake-24x7-laxmi-nagar-delhi-299417
Pizza 7 Days,https://swiggy.com/restaurants/pizza-7-days-laxmi-nagar-delhi-463468
AL AMIN CHICKEN AND MUTTON,https://swiggy.com/restaurants/al-amin-chicken-and-mutton-laxmi-nagar-delhi-577471
Big Fat Cafe,https://swiggy.com/restaurants/big-fat-cafe-laxmi-nagar-delhi-464355
Rashid Biryani Plaza,https://swiggy.com/restaurants/rashid-biryani-plaza-ramesh-park-laxmi-nagar-delhi-154075
Hot Chilli Chinese Food,https://swiggy.com/restaurants/hot-chilli-chinese-food-mayur-vihar-delhi-589298
The cake bakery,https://swiggy.com/restaurants/the-cake-bakery-laxmi-nagar-delhi-513222
Shakes Cyclone,https://swiggy.com/restaurants/shakes-cyclone-laxmi-nagar-delhi-493734
Super Burgers (Exotic and Healthy),https://swiggy.com/restaurants/super-burgers-exotic-and-healthy-baljeet-nagar-delhi-562103
Coffee waala,https://swiggy.com/restaurants/coffee-waala-south-extension-delhi-581879
Maggi Hut,https://swiggy.com/restaurants/maggi-hut-laxmi-nagar-delhi-463332
Khan roll wala,https://swiggy.com/restaurants/khan-roll-wala-mayur-vihar-delhi-578372
Sardar Ji Meat Wale,https://swiggy.com/restaurants/sardar-ji-meat-wale-mayur-vihar-delhi-479616
HIBBOZ,https://swiggy.com/restaurants/hibboz-mayur-vihar-delhi-559385
Food Singh - Taste Of Punjab,https://swiggy.com/restaurants/food-singh-taste-of-punjab-laxmi-nagar-delhi-531827
Thande Ka Fanda,https://swiggy.com/restaurants/thande-ka-fanda-lajpatnagar-lajpat-nagar-delhi-520056
Vaango,https://swiggy.com/restaurants/vaango-laxmi-nagar-delhi-567369
Purewow,https://swiggy.com/restaurants/purewow-mayur-vihar-delhi-528851
ROYAL PIZZA,https://swiggy.com/restaurants/royal-pizza-laxmi-nagar-delhi-477015
BURGER'S WORLD,https://swiggy.com/restaurants/burgers-world-laxmi-nagar-delhi-477031
The sandwich castle,https://swiggy.com/restaurants/the-sandwich-castle-laxmi-nagar-nirman-vihar-delhi-314674
Desi Ghee Ka Khana,https://swiggy.com/restaurants/desi-ghee-ka-khana-bhogal-lajpat-nagar-delhi-574620
Veeru Dhaba,https://swiggy.com/restaurants/veeru-dhaba-1-lajpat-nagar-delhi-61460
Ask Cake Shop,https://swiggy.com/restaurants/ask-cake-shop-laxmi-nagar-delhi-214555
Vindhwashni Bakers Confectioner & Florist,https://swiggy.com/restaurants/vindhwashni-bakers-confectioner-and-florist-laxmi-nagar-delhi-243080
Shel Food Cafe,https://swiggy.com/restaurants/shel-food-cafe-laxmi-nagar-delhi-528178
MEHAK FOODS,https://swiggy.com/restaurants/mehak-foods-laxmi-nagar-delhi-589748
Bakery by Foodhall,https://swiggy.com/restaurants/bakery-by-foodhall-south-campus-chanakyapuri-delhi-339638
Swaad Restaurant,https://swiggy.com/restaurants/swaad-restaurant-laxmi-nagar-delhi-116335
Annapurna Food Corner,https://swiggy.com/restaurants/annapurna-food-corner-laxmi-nagar-delhi-575658
Food Paradise,https://swiggy.com/restaurants/food-paradise-ganesh-nagar-patparganj-delhi-225442
Pizza Combo,https://swiggy.com/restaurants/pizza-combo-laxmi-nagar-delhi-448832
Monginis,https://swiggy.com/restaurants/monginis-ashok-vihar-delhi-444786
Sushi and More,https://swiggy.com/restaurants/sushi-and-more-south-campus-chanakyapuri-delhi-359845
Xoco chocolates by Foodhall,https://swiggy.com/restaurants/xoco-chocolates-by-foodhall-south-campus-chanakyapuri-delhi-345956
Nanha Punjab,https://swiggy.com/restaurants/nanha-punjab-laxmi-nagar-delhi-552565
MARWADI PARATHA HOUSE,https://swiggy.com/restaurants/marwadi-paratha-house-laxmi-nagar-delhi-467555
Shakes N Fries,https://swiggy.com/restaurants/shakes-n-fries-laxmi-nagar-delhi-566929
Chinese Monkey,https://swiggy.com/restaurants/chinese-monkey-lajpat-nagar-delhi-585786
Chinese Town,https://swiggy.com/restaurants/chinese-town-lajpat-nagar-delhi-585773
The Great Wok Of China,https://swiggy.com/restaurants/the-great-wok-of-china-lajpat-nagar-delhi-575787
THE CHILLOUT,https://swiggy.com/restaurants/the-chillout-mayur-vihar-delhi-590219
Pizza Best,https://swiggy.com/restaurants/pizza-best-south-extension-south-extension-i-delhi-226078
Cafe by Foodhall,https://swiggy.com/restaurants/cafe-by-foodhall-yashwant-palace-chanakyapuri-delhi-244066
Roll Addiction,https://swiggy.com/restaurants/roll-addiction-mayur-vihar-ganesh-nagar-delhi-191792
ROYCE' Chocolate,https://swiggy.com/restaurants/royce-chocolate-the-chanakya-chanakyapuri-delhi-48335
Romeo Lane,https://swiggy.com/restaurants/romeo-lane-lajpat-nagar-defence-colony-delhi-545348
Bakery by Foodhall,https://swiggy.com/restaurants/bakery-by-foodhall-south-campus-chanakyapuri-delhi-339638
Swaad Restaurant,https://swiggy.com/restaurants/swaad-restaurant-laxmi-nagar-delhi-116335
Annapurna Food Corner,https://swiggy.com/restaurants/annapurna-food-corner-laxmi-nagar-delhi-575658
Food Paradise,https://swiggy.com/restaurants/food-paradise-ganesh-nagar-patparganj-delhi-225442
Pizza Combo,https://swiggy.com/restaurants/pizza-combo-laxmi-nagar-delhi-448832
Monginis,https://swiggy.com/restaurants/monginis-ashok-vihar-delhi-444786
Sushi and More,https://swiggy.com/restaurants/sushi-and-more-south-campus-chanakyapuri-delhi-359845
Xoco chocolates by Foodhall,https://swiggy.com/restaurants/xoco-chocolates-by-foodhall-south-campus-chanakyapuri-delhi-345956
Nanha Punjab,https://swiggy.com/restaurants/nanha-punjab-laxmi-nagar-delhi-552565
MARWADI PARATHA HOUSE,https://swiggy.com/restaurants/marwadi-paratha-house-laxmi-nagar-delhi-467555
Shakes N Fries,https://swiggy.com/restaurants/shakes-n-fries-laxmi-nagar-delhi-566929
Chinese Monkey,https://swiggy.com/restaurants/chinese-monkey-lajpat-nagar-delhi-585786
Chinese Town,https://swiggy.com/restaurants/chinese-town-lajpat-nagar-delhi-585773
The Great Wok Of China,https://swiggy.com/restaurants/the-great-wok-of-china-lajpat-nagar-delhi-575787
THE CHILLOUT,https://swiggy.com/restaurants/the-chillout-mayur-vihar-delhi-590219
Pizza Best,https://swiggy.com/restaurants/pizza-best-south-extension-south-extension-i-delhi-226078
Paratha Singh,https://swiggy.com/restaurants/paratha-singh-janakpuri-delhi-561992
Wat A Paratha,https://swiggy.com/restaurants/wat-a-paratha-janakpuri-delhi-561986
Midnight Paratha Junction,https://swiggy.com/restaurants/midnight-paratha-junction-janakpuri-delhi-562821
Takeout Cafe,https://swiggy.com/restaurants/takeout-cafe-lajpat-nagar-delhi-585720
Love At First Bite,https://swiggy.com/restaurants/love-at-first-bite-lajpat-nagar-delhi-585728
INOX,https://swiggy.com/restaurants/inox-eros-jangpura-block-h-delhi-260130
Pizza Burger Wala,https://swiggy.com/restaurants/pizza-burger-wala-south-extension-south-extension-i-delhi-228398
HUNGERFOX FOODS PRIVATE LIMITED,https://swiggy.com/restaurants/hungerfox-foods-private-limited-laxmi-nagar-delhi-421758
Make My Thali,https://swiggy.com/restaurants/make-my-thali-laxmi-nagar-delhi-496562
Ghar ka Khana,https://swiggy.com/restaurants/ghar-ka-khana-laxmi-nagar-delhi-549694
MR MOMOS,https://swiggy.com/restaurants/mr-momos-lajpat-nagar-delhi-574003
KCROASTERS by Koinonia,https://swiggy.com/restaurants/kcroasters-by-koinonia-south-campus-chanakyapuri-delhi-351680
Sticky Rice,https://swiggy.com/restaurants/sticky-rice-south-extension-delhi-589267
Mannat Restaurant,https://swiggy.com/restaurants/mannat-restaurant-laxmi-nagar-delhi-206454
Indian Flavours Dhaba,https://swiggy.com/restaurants/indian-flavours-dhaba-mayur-vihar-delhi-584643
Arya Food & Baker,https://swiggy.com/restaurants/arya-food-and-baker-south-extension-delhi-509021
HOUSE OF AWADH,https://swiggy.com/restaurants/house-of-awadh-lajpat-nagar-delhi-526871
Mr. Pandit Ji Parantha Hut,https://swiggy.com/restaurants/mr-pandit-ji-parantha-hut-laxmi-nagar-delhi-429821
Dirty Dough Pizza By Moets,https://swiggy.com/restaurants/dirty-dough-pizza-by-moets-south-extension-delhi-557457
China Town Sizzlers,https://swiggy.com/restaurants/china-town-sizzlers-yashwant-place-chanakyapuri-delhi-21304
Noto Healthy Ice Cream,https://swiggy.com/restaurants/noto-healthy-ice-cream-khan-market-delhi-497508
Chinese Garden,https://swiggy.com/restaurants/chinese-garden-south-campus-yashwant-place-delhi-493701
GOLDEN DRAGON,https://swiggy.com/restaurants/golden-dragon-lajpat-nagar-delhi-571037
Pizza Like Pizza,https://swiggy.com/restaurants/pizza-like-pizza-south-extension-south-extension-i-delhi-225712
Pal Refreshment Corner,https://swiggy.com/restaurants/pal-refreshment-corner-jangpura-extension-market-new-lajpat-nagar-delhi-11809
CYBER FOOD,https://swiggy.com/restaurants/cyber-food-laxmi-nagar-delhi-528720
Radhe Radhe Foods,https://swiggy.com/restaurants/radhe-radhe-foods-laxmi-nagar-delhi-509710
YO PAAJI FOODS,https://swiggy.com/restaurants/yo-paaji-foods-laxmi-nagar-delhi-521676
Indoo himalaya chinese fast food,https://swiggy.com/restaurants/indoo-himalaya-chinese-fast-food-laxmi-nagar-delhi-587387
Pizza RP,https://swiggy.com/restaurants/pizza-rp-laxmi-nagar-shakarpur-khas-delhi-60128
Singh's veg grill,https://swiggy.com/restaurants/singhs-veg-grill-laxmi-nagar-delhi-423652
TVF - The Vegan Factory,https://swiggy.com/restaurants/tvf-the-vegan-factory-laxmi-nagar-delhi-494225
GOOD MORNING CAFE,https://swiggy.com/restaurants/good-morning-cafe-laxmi-nagar-delhi-471193
Italy Burger,https://swiggy.com/restaurants/italy-burger-laxmi-nagar-delhi-535550
Paaji Tandoori Junction,https://swiggy.com/restaurants/paaji-tandoori-junction-lajpat-nagar-delhi-547969
Singh Fast Food,https://swiggy.com/restaurants/singh-fast-food-laxmi-nagar-delhi-501509
Anything But Sugar,https://swiggy.com/restaurants/anything-but-sugar-defence-colony-near-twenty-four-seven-and-apple-store-south-extension-delhi-338379
Hungerout Pizza,https://swiggy.com/restaurants/hungerout-pizza-rohini-nsp-delhi-464201
LAGUNA SIZZLERS,https://swiggy.com/restaurants/laguna-sizzlers-south-campus-chanakyapuri-delhi-356256
AGNEE PIZZA,https://swiggy.com/restaurants/agnee-pizza-lajpat-nagar-delhi-530072
Kulfi villa,https://swiggy.com/restaurants/kulfi-villa-mayur-vihar-delhi-584139
Sushi Junction,https://swiggy.com/restaurants/sushi-junction-laxmi-nagar-delhi-545689
Chinese Chilli,https://swiggy.com/restaurants/chinese-chilli-laxmi-nagar-delhi-405043
The Food Joint,https://swiggy.com/restaurants/the-food-joint-vijay-block-laxmi-nagar-delhi-87001
The Chinese Kafei,https://swiggy.com/restaurants/the-chinese-kafei-vijay-block-laxminagar-laxmi-nagar-delhi-87003
FRUITTO FRESH,https://swiggy.com/restaurants/fruitto-fresh-lajpat-nagar-delhi-397900
CHAAP ADDA,https://swiggy.com/restaurants/chaap-adda-laxmi-nagar-delhi-578065
Daebak Cafe - Delight In Every Bite,https://swiggy.com/restaurants/daebak-cafe-delight-in-every-bite-laxmi-nagar-delhi-539723
PARANTHA IN DESI GHEE,https://swiggy.com/restaurants/parantha-in-desi-ghee-laxmi-nagar-delhi-464952
Food Factory,https://swiggy.com/restaurants/food-factory-vijay-block-gopala-complex-laxminagar-new-laxmi-nagar-delhi-124722
CHINEESE DRAGON,https://swiggy.com/restaurants/chineese-dragon-laxmi-nagar-delhi-588728
PIZZA INDIANS,https://swiggy.com/restaurants/pizza-indians-laxmi-nagar-delhi-459998
Assam food stall,https://swiggy.com/restaurants/assam-food-stall-south-extension-delhi-561341
Chandni Chowk Paratha Corner,https://swiggy.com/restaurants/chandni-chowk-paratha-corner-laxmi-nagar-delhi-478989
Pizza Junction,https://swiggy.com/restaurants/pizza-junction-lajpat-nagar-delhi-582292
Pasta By Eataliano,https://swiggy.com/restaurants/pasta-by-eataliano-nagar-laxmi-delhi-459113
Bake n Shake,https://swiggy.com/restaurants/bake-n-shake-laxmi-nagar-delhi-531541
The cake n cafe,https://swiggy.com/restaurants/the-cake-n-cafe-laxmi-nagar-shakarpur-khas-delhi-420930
The Food Maharaja,https://swiggy.com/restaurants/the-food-maharaja-laxmi-nagar-delhi-484191
The Burger Company,https://swiggy.com/restaurants/the-burger-company-laxmi-nagar-delhi-589292
The Pizza Villa,https://swiggy.com/restaurants/the-pizza-villa-lajpat-nagar-delhi-582384
Quick Pizza,https://swiggy.com/restaurants/quick-pizza-lajpat-nagar-delhi-582376
Rock N Roll Pizza,https://swiggy.com/restaurants/rock-n-roll-pizza-lajpat-nagar-delhi-582378
SPICY VALLEY,https://swiggy.com/restaurants/spicy-valley-laxmi-nagar-delhi-499965
Paddler,https://swiggy.com/restaurants/paddler-laxmi-nagar-delhi-581626
Pizza King,https://swiggy.com/restaurants/pizza-king-nagar-laxmi-delhi-485162
Pizza Heavens,https://swiggy.com/restaurants/pizza-heavens-lajpat-nagar-delhi-582308
Mini Cafe,https://swiggy.com/restaurants/mini-cafe-laxmi-nagar-delhi-572557
PANDIT JI PARATHA HUT,https://swiggy.com/restaurants/pandit-ji-paratha-hut-laxmi-nagar-delhi-437388
My Punjab,https://swiggy.com/restaurants/my-punjab-south-extension-hauz-khas-delhi-404757
Cool Chinese Hut,https://swiggy.com/restaurants/cool-chinese-hut-laxmi-nagar-delhi-528542
SIMP-sauce In My Pizza,https://swiggy.com/restaurants/simp-sauce-in-my-pizza-nagar-laxmi-delhi-485932
Sizzling Saucers,https://swiggy.com/restaurants/sizzling-saucers-laxmi-nagar-delhi-487023
Jain's Pizza Shakarpur,https://swiggy.com/restaurants/jains-pizza-shakarpur-laxmi-nagar-delhi-530249
PIZZA DELIGHT,https://swiggy.com/restaurants/pizza-delight-lajpat-nagar-delhi-501881
Growmor- The Cake Series,https://swiggy.com/restaurants/growmor-the-cake-series-laxmi-nagar-delhi-450287
